क्रस,प्रदेश,स्थानीय तहको नाम,जिल्ला,वेवसाईट,कार्यालयको ईमेल,सम्पर्क फोन,बिस्तृतमा
१,प्रदेश नं. १,फक्ताङलुङ गाउँपालिका,ताप्लेजुङ,http://phaktanglungmun.gov.np,phaktanglungmun@gmail.com,021-696491,
२,प्रदेश नं. १,मिक्वाखोला गाउँपालिका,ताप्लेजुङ,http://mikwakholamun.gov.np,info@mikwakholamun.gov.np,9742691943,
३,प्रदेश नं. १,मेरिङदेन गाउँपालिका,ताप्लेजुङ,http://meringdenmun.gov.np,meringden@gmail.com,9852660822,
४,प्रदेश नं. १,मैवाखोला गाउँपालिका,ताप्लेजुङ,http://maiwakholamun.gov.np,maiwakholarm@gmail.com,9852660937,
५,प्रदेश नं. १,आठराई त्रिवेणी गाउँपालिका,ताप्लेजुङ,http://aathraitribenimun.gov.np,aathrai.tribenimun@gmail.com,9852660960,
६,प्रदेश नं. १,फुङलिङ नगरपालिका,ताप्लेजुङ,http://phunglingmun.gov.np,info@phunglingmun.gov.np,024-460114,
७,प्रदेश नं. १,पाथिभरा याङ्वरक गाउँपालिका,ताप्लेजुङ,http://yangwarakmuntaplejung.gov.np,pathivarayang@gmail.com,9852660460,
८,प्रदेश नं. १,सिरीजङ्घा गाउँपालिका,ताप्लेजुङ,http://sirijanghamun.gov.np,sirijangharuralmunicipality@gmail.com,9861991144,
९,प्रदेश नं. १,सिदिङ्वा गाउँपालिका,ताप्लेजुङ,http://sidingbamun.gov.np,sidingbarmtpj@gmail.com,9852660153,
१०,प्रदेश नं. १,भोटखोला गाउँपालिका,संखुवासभा,http://bhotkholamun.gov.np,bhotkholamun@gmail.com,9752006670,
११,प्रदेश नं. १,मकालु गाउँपालिका,संखुवासभा,http://makalumun.gov.np,gaupalikamakalu@gmail.com,9752006670,
१२,प्रदेश नं. १,सिलीचोङ गाउँपालिका,संखुवासभा,http://silichongmun.gov.np,silichonggp74@gmail.com,9752006775,
१३,प्रदेश नं. १,चिचिला गाउँपालिका,संखुवासभा,http://chichilamun.gov.np,info@chichilamun.gov.np,021-620770,
१४,प्रदेश नं. १,सभापोखरी गाउँपालिका,संखुवासभा,http://savapokharimun.gov.np,savapokharimun@gmail.com,029-413090,
१५,प्रदेश नं. १,खाँदवारी नगरपालिका,संखुवासभा,http://khandbarimun.gov.np,info@khandbarimun.gov.np,029-560254,
१६,प्रदेश नं. १,पाँचखपन नगरपालिका,संखुवासभा,http://panchkhapanmun.gov.np,panchkhapan.mun@gmail.com,029-411083,
१७,प्रदेश नं. १,चैनपुर नगरपालिका,संखुवासभा,http://chainpurmun.gov.np,info@chainpurmun.gov.np,029-570131,
१८,प्रदेश नं. १,मादी नगरपालिका,संखुवासभा,http://madimun.gov.np,madimunicipality@gmail.com,029-424002,
१९,प्रदेश नं. १,धर्मदेवी नगरपालिका,संखुवासभा,http://dharmadevimun.gov.np,dharmadevimun@gmail.com,029-414006,
२०,प्रदेश नं. १,खुम्वु पासाङल्हामु गाउँपालिका,सोलुखुम्बु,http://khumbupasanglhamumun.gov.np,ito.khumbupasanglhamumun@gmail.com,038-420525,
२१,प्रदेश नं. १,माहाकुलुङ गाउँपालिका,सोलुखुम्बु,http://mahakulungmun.gov.np,mahakulung.rum@gmail.com,9852885000,
२२,प्रदेश नं. १,सोताङ गाउँपालिका,सोलुखुम्बु,http://sotangmun.gov.np,ito.sotangrmun@gmail.com,038-410124,
२३,प्रदेश नं. १,माप्य दुधकोशी गाउँपालिका,सोलुखुम्बु,http://mapyadudhkoshimun.gov.np,info@mapyadudhkoshimun.gov.np,9849478034,
२४,प्रदेश नं. १,थुलुङ दुधकोशी गाउँपालिका,सोलुखुम्बु,http://thulungdudhkoshimun.gov.np,info@thulungdudhkoshimun.gov.np,9852060365,
२५,प्रदेश नं. १,नेचासल्यान गाउँपालिका,सोलुखुम्बु,http://nechasalyanmun.gov.np,nechasalyan345@gmail.com,038-412277,
२६,प्रदेश नं. १,सोलुदुधकुण्ड नगरपालिका,सोलुखुम्बु,http://solududhkundamun.gov.np,info@solududhkundamun.gov.np,038-520264,
२७,प्रदेश नं. १,लिखु पिके गाउँपालिका,सोलुखुम्बु,http://likhupikemun.gov.np,info@likhupikemun.gov.np,025697455,
२८,प्रदेश नं. १,चिशंखुगढी गाउँपालिका,ओखलढुंगा,http://chishankhugadhimun.gov.np,info@chishankhugadhimun.gov.np,037-620075,
२९,प्रदेश नं. १,सिद्धिचरण नगरपालिका,ओखलढुंगा,http://siddhicharanmun.gov.np,siddhicharanmunicipality@gmail.com,037-520213,
३०,प्रदेश नं. १,मोलुङ गाउँपालिका,ओखलढुंगा,http://molungmun.gov.np,molungrm@gmail.com,9841535837,
३१,प्रदेश नं. १,खिजीदेम्वा गाउँपालिका,ओखलढुंगा,http://khijidembamun.gov.np,info@khijidembamun.gov.np,9743001361,
३२,प्रदेश नं. १,लिखु गाउँपालिका,ओखलढुंगा,http://likhumunokhaldhunga.gov.np,info@likhumunokhaldhunga.gov.np,9852842142,
३३,प्रदेश नं. १,चम्पादेवी गाउँपालिका,ओखलढुंगा,http://champadevimun.gov.np,ito.champadevimun@gmail.com,9851061684,
३४,प्रदेश नं. १,सुनकोशी गाउँपालिका,ओखलढुंगा,http://sunkoshimunokhaldhunga.gov.np,sunkoshee@gmail.com,9753000077,
३५,प्रदेश नं. १,मानेभञ्याङ गाउँपालिका,ओखलढुंगा,http://manebhanjyangmun.gov.np,info@manebhanjyangmun.gov.np,9851138219,
३६,प्रदेश नं. १,केपिलासगढी गाउँपालिका,खोटाङ,http://kepilasgadhimun.gov.np,kepilasmun@gmail.com,9849685297,
३७,प्रदेश नं. १,ऐसेलुखर्क गाउँपालिका,खोटाङ,http://aiselukharkamun.gov.np,info@aiselukharkamun.gov.np,036411103,
३८,प्रदेश नं. १,रावा वेसी गाउँपालिका,खोटाङ,http://rawabesimun.gov.np,info@rawabesimun.gov.np,9807756867,
३९,प्रदेश नं. १,हलेसी तुवाचुङ नगरपालिका,खोटाङ,http://halesituwachungmun.gov.np,tuwachung.mun@gmail.com,9851009879,
४०,प्रदेश नं. १,दिक्तेल रुपाकोट मझुवागढी नगरपालिका,खोटाङ,http://rupakotmajhuwagadhimun.gov.np,rupakotmun@gmail.com,036-420683,
४१,प्रदेश नं. १,साकेला गाउँपालिका,खोटाङ,http://sakelamun.gov.np,ito.sakelarmun@gmail.com,9843358296,
४२,प्रदेश नं. १,दिप्रुङ चुइचुम्मा गाउँपालिका,खोटाङ,http://diprungchuichummamun.gov.np,ito.diprungmun@gmail.com,9851247166,
४३,प्रदेश नं. १,खोटेहाङ गाउँपालिका,खोटाङ,http://khotehangmun.gov.np,khotehangmun@gmail.com,036-413045,
४४,प्रदेश नं. १,जन्तेढुंगा गाउँपालिका,खोटाङ,http://jantedhungamun.gov.np,info@jantedhungamun.gov.np,9852846900,
४५,प्रदेश नं. १,वराहपोखरी गाउँपालिका,खोटाङ,http://barahapokharimun.gov.np,info@barahapokharimun.gov.np,9852849903,
४६,प्रदेश नं. १,षडानन्द नगरपालिका,भोजपुर,http://shadanandamun.gov.np,shadanandanagarpalika@gmail.com,029-421125,
४७,प्रदेश नं. १,साल्पासिलिछो गाउँपालिका,भोजपुर,http://salpasilichhomun.gov.np,salpasilichhoruralmunicipality@gmail.com,9818425952,
४८,प्रदेश नं. १,टेम्केमैयुङ गाउँपालिका,भोजपुर,http://tyamkemaiyummun.gov.np,temkemunbhp@gmail.com,9822573665,
४९,प्रदेश नं. १,भोजपुर नगरपालिका,भोजपुर,http://bhojpurmun.gov.np,info@bhojpurmun.gov.np,029-420102,
५०,प्रदेश नं. १,अरुण गाउँपालिका,भोजपुर,http://arunmun.gov.np,info@arunmun.gov.np,9860604650,
५१,प्रदेश नं. १,पौवादुङ्मा गाउँपालिका,भोजपुर,http://pauwadungmamun.gov.np,info@pauwadungmamun.gov.np,9852075800,
५२,प्रदेश नं. १,रामप्रसाद राई गाउँपालिका,भोजपुर,http://ramprasadraimun.gov.np,ramprasadrai.rm@gmail.com,"9852073886,",
५३,प्रदेश नं. १,हतुवागढी गाउँपालिका,भोजपुर,http://hatuwagadhimun.gov.np,ito.hatuwagadhimun@gmail.com,029-412026,
५४,प्रदेश नं. १,आमचोक गाउँपालिका,भोजपुर,http://aamchowkmun.gov.np,info@aamchowkmun.gov.np,9852081336,
५५,प्रदेश नं. १,महालक्ष्मी नगरपालिका,धनकुटा,http://mahalaxmimundhankuta.gov.np,mahalaxmimunjitpur@gmail.com,026-419000,
५६,प्रदेश नं. १,पाख्रिवास नगरपालिका,धनकुटा,http://pakhribasmun.gov.np,pakhribas.nagarpalika@gmail.com,026-405152,
५७,प्रदेश नं. १,छथर जोरपाटी गाउँपालिका,धनकुटा,http://chhatharjorpatimun.gov.np,info@chhatharjorpatimun.gov.np,026-404196,
५८,प्रदेश नं. १,धनकुटा नगरपालिका,धनकुटा,http://dhankutamun.gov.np,mundkt@gmail.com,026-520126,
५९,प्रदेश नं. १,सहिदभुमि गाउँपालिका,धनकुटा,http://shahidbhumimun.gov.np,sahidbhumirural@gmail.com,9842080705,
६०,प्रदेश नं. १,साँगुरीगढी गाउँपालिका,धनकुटा,http://sangurigadhimun.gov.np,sangurigadhi.ruralmundkt@gmail.com,025-400086,
६१,प्रदेश नं. १,चौबिसे गाउँपालिका,धनकुटा,http://choubisemun.gov.np,chaubisegapa@gmail.com,026-411031,
६२,प्रदेश नं. १,आठराई गाउँपालिका,तेह्रथुम,http://aathraimun.gov.np,aathraigaupalika1@gmail.com,9852684324,
६३,प्रदेश नं. १,फेदाप गाउँपालिका,तेह्रथुम,http://phedapmun.gov.np,info@phedapmun.gov.np,9852080600,
६४,प्रदेश नं. १,मेन्छयायेम गाउँपालिका,तेह्रथुम,http://menchhayayemmun.gov.np,info@menchhayayemmun.gov.np,9852082777,
६५,प्रदेश नं. १,म्याङलुङ नगरपालिका,तेह्रथुम,http://myanglungmun.gov.np,info@myanglungmun.gov.np,026-460135,
६६,प्रदेश नं. १,लालीगुराँस नगरपालिका,तेह्रथुम,http://laliguransmun.gov.np,info@laliguransmun.gov.np,026-402119,
६७,प्रदेश नं. १,छथर गाउँपालिका,तेह्रथुम,http://chhatharmun.gov.np,chhathargaupalika@gmail.com,026420099,
६८,प्रदेश नं. १,याङवरक गाउँपालिका,पाँचथर,http://yangwarakmunpanchthar.gov.np,info@yangwarakmunpanchthar.gov.np,024-410049,
६९,प्रदेश नं. १,हिलिहाङ गाउँपालिका,पाँचथर,http://hilihangmun.gov.np,info@hilihangmun.gov.np,9843697622,
७०,प्रदेश नं. १,फालेलुङ गाउँपालिका,पाँचथर,http://phalelungmun.gov.np,phalelunggaunpalika@gmail.com,021696490,
७१,प्रदेश नं. १,फिदिम नगरपालिका,पाँचथर,http://phidimmun.gov.np,phidim.municipality@gmail.com,024-521107,
७२,प्रदेश नं. १,फाल्गुनन्द गाउँपालिका,पाँचथर,http://phalgunandamun.gov.np,info@phalgunandamun.gov.np,9852684384,
७३,प्रदेश नं. १,कुम्मायक गाउँपालिका,पाँचथर,http://kummayakmun.gov.np,info@kummayakmun.gov.np,024413061,
७४,प्रदेश नं. १,तुम्वेवा गाउँपालिका,पाँचथर,http://tumwewamun.gov.np,info@tumwewamun.gov.np,9814049160,
७५,प्रदेश नं. १,मिक्लाजुङ गाउँपालिका,पाँचथर,http://miklajungmunpanchthar.gov.np,info@miklajungmunpanchthar.gov.np,"024-412115,",
७६,प्रदेश नं. १,माईजोगमाई गाउँपालिका,इलाम,http://maijogmaimun.gov.np,info@maijogmaimun.gov.np,027-411044,
७७,प्रदेश नं. १,सन्दकपुर गाउँपालिका,इलाम,http://sandakpurmun.gov.np,sandakpurrm@gmail.com,9801451741,
७८,प्रदेश नं. १,ईलाम नगरपालिका,इलाम,http://ilammun.gov.np,mun.ilam@gmail.com,027-520060,
७९,प्रदेश नं. १,देउमाई नगरपालिका,इलाम,http://deumaimun.gov.np,info@deumaimun.gov.np,027-400001,
८०,प्रदेश नं. १,फाकफोकथुम गाउँपालिका,इलाम,http://phakphokthummun.gov.np,phakphokthum.ruralmunicipality@gmail.com,00,
८१,प्रदेश नं. १,माङसेबुङ गाउँपालिका,इलाम,http://mansebungmun.gov.np,mangsebung.ruralmun@gmail.com,9852685445,
८२,प्रदेश नं. १,चुलाचुली गाउँपालिका,इलाम,http://chulachulimun.gov.np,chulachuli.ruralmunicipality@gmail.com,9746872425,
८३,प्रदेश नं. १,माई नगरपालिका,इलाम,http://maimun.gov.np,mainagarpalika@gmail.com,027412222,
८४,प्रदेश नं. १,सुर्योदय नगरपालिका,इलाम,http://suryodayamun.gov.np,info@suryodayamun.gov.np,027-540410,
८५,प्रदेश नं. १,रोङ गाउँपालिका,इलाम,http://rongmun.gov.np,info@rongmun.gov.np,9852042020,
८६,प्रदेश नं. १,मेचीनगर नगरपालिका,झापा,http://mechinagarmun.gov.np,ito.mechinagarmun@gmail.com,023-562505,
८७,प्रदेश नं. १,बुद्धशान्ति गाउँपालिका,झापा,http://buddhashantimun.gov.np,buddhashantimun@gmail.com,023-555044,
८८,प्रदेश नं. १,अर्जुनधारा नगरपालिका,झापा,http://arjundharamun.gov.np,info@arjundharamun.gov.np,"023-597002,",
८९,प्रदेश नं. १,कन्काई नगरपालिका,झापा,http://kankaimun.gov.np,kanakai.mun@gmail.com,023-401111,
९०,प्रदेश नं. १,शिवसताक्षी नगरपालिका,झापा,http://shivasatakshimun.gov.np,dms.shivasatakshimun@gmail.com,023-470323,
९१,प्रदेश नं. १,कमल गाउँपालिका,झापा,http://kamalmun.gov.np,info@kamalmun.gov.np,023-475081,
९२,प्रदेश नं. १,दमक नगरपालिका,झापा,http://damakmun.gov.np,info@damakmun.gov.np,023-580137,
९३,प्रदेश नं. १,गौरादह नगरपालिका,झापा,http://gauradahamun.gov.np,gauradahamun@gmail.com,023-509800,
९४,प्रदेश नं. १,गौरिगंज गाउँपालिका,झापा,http://gaurigunjmun.gov.np,info@gaurigunjmun.gov.np,023-412044,
९५,प्रदेश नं. १,झापा गाउँपालिका,झापा,http://jhapamun.gov.np,info@jhapamun.gov.np,9852630900,
९६,प्रदेश नं. १,बाह्रदशी गाउँपालिका,झापा,http://bahradashimun.gov.np,bahradashirm@gmail.com,9824002677,
९७,प्रदेश नं. १,विर्तामोड नगरपालिका,झापा,http://birtamodmun.gov.np,info@birtamodmun.gov.np,023-540315,
९८,प्रदेश नं. १,हल्दिबारी गाउँपालिका,झापा,http://haldibarimun.gov.np,haldibariruralmunicipality123@gmail.com,9818957218,
९९,प्रदेश नं. १,भद्रपुर नगरपालिका,झापा,http://bhadrapurmun.gov.np,info@bhadrapurmun.gov.np,023-520148,
१००,प्रदेश नं. १,कचनकवल गाउँपालिका,झापा,http://kachankawalmun.gov.np,kachankawala@gmail.com,9852655210,
१०१,प्रदेश नं. १,मिक्लाजुङ गाउँपालिका,मोरङ,http://miklajungmunmorang.gov.np,miklajungrmun@gmail.com,021-400001,
१०२,प्रदेश नं. १,लेटाङ नगरपालिका,मोरङ,http://letangmun.gov.np,letangmunicipality@gmail.com,021-560666,
१०३,प्रदेश नं. १,केराबारी गाउँपालिका,मोरङ,http://kerabarimun.gov.np,info@kerabarimun.gov.np,021-403110,
१०४,प्रदेश नं. १,सुन्दर हरैचा नगरपालिका,मोरङ,http://sundarharaichamun.gov.np,sundarharaichamun@gmail.com,021-545822,
१०५,प्रदेश नं. १,बेलवारी नगरपालिका,मोरङ,http://belbarimun.gov.np,info@belbarimun.gov.np,021-434213,
१०६,प्रदेश नं. १,कानेपोखरी गाउँपालिका,मोरङ,http://kanepokharimun.gov.np,kanepokharirmun@gmail.com,021-585155,
१०७,प्रदेश नं. १,पथरी शनिश्चरे नगरपालिका,मोरङ,http://patharishanishcharemun.gov.np,patharishanishcharemun@gmail.com,"021-556113,021-555212",
१०८,प्रदेश नं. १,उर्लाबारी नगरपालिका,मोरङ,http://urlabarimun.gov.np,info@urlabarimun.gov.np,021540459,
१०९,प्रदेश नं. १,रतुवामाई नगरपालिका,मोरङ,http://ratuwamaimun.gov.np,ratuwamaimunicipalityinfo@gmail.com,021-414052,
११०,प्रदेश नं. १,सुनवर्षी नगरपालिका,मोरङ,http://sunawarshimun.gov.np,info@sunawarshimun.gov.np,021-433025,
१११,प्रदेश नं. १,रंगेली नगरपालिका,मोरङ,http://rangelimun.gov.np,rangelimun@gmail.com,021-580674,
११२,प्रदेश नं. १,ग्रामथान गाउँपालिका,मोरङ,http://gramthanmun.gov.np,info@gramthanmun.gov.np,9800968877,
११३,प्रदेश नं. १,बुढीगंगा गाउँपालिका,मोरङ,http://budhigangamunmorang.gov.np,buddhigangamun@gmail.com,9851043855,
११४,प्रदेश नं. १,विराटनगर महानगरपालिका,मोरङ,http://biratnagarmun.gov.np,info@biratnagarmun.gov.np,021-577388,
११५,प्रदेश नं. १,कटहरी गाउँपालिका,मोरङ,http://kataharimun.gov.np,kataharigaupalika@gmail.com,021-404100,
११६,प्रदेश नं. १,धनपालथान गाउँपालिका,मोरङ,http://dhanapalthanmun.gov.np,info@dhanapalthanmun.gov.np,021-565122,
११७,प्रदेश नं. १,जहदा गाउँपालिका,मोरङ,http://jahadamun.gov.np,jahadagaupalika@gmail.com,9805308109,
११८,प्रदेश नं. १,धरान उप-महानगरपालिका,सुनसरी,http://dharan.gov.np,info@dharan.gov.np,025-520407,
११९,प्रदेश नं. १,बराहक्षेत्र नगरपालिका,सुनसरी,http://barahamun.gov.np,barahmun@gmail.com,025-551145,
१२०,प्रदेश नं. १,कोशी गाउँपालिका,सुनसरी,http://koshimun.gov.np,koshigaupalika@gmail.com,025-401066,
१२१,प्रदेश नं. १,भोक्राहा नरसिंह गाउँपालिका,सुनसरी,http://bhokrahamun.gov.np,bhokrahanarsingh.gapa@gmail.com,9852041377,
१२२,प्रदेश नं. १,रामधुनी नगरपालिका,सुनसरी,http://ramdhunimun.gov.np,ramdhunibhasi@gmail.com,025-562566,
१२३,प्रदेश नं. १,इटहरी उप-महानगरपालिका,सुनसरी,http://itaharimun.gov.np,itahari.municipality@gmail.com,025-581706,
१२४,प्रदेश नं. १,दुहवी नगरपालिका,सुनसरी,http://duhabimun.gov.np,info@duhabimun.gov.np,025-540024,
१२५,प्रदेश नं. १,गढी गाउँपालिका,सुनसरी,http://gadhimun.gov.np,ito.gadhiruralmuncipality@gmail.com,0,
१२६,प्रदेश नं. १,इनरुवा नगरपालिका,सुनसरी,http://inaruwamun.gov.np,info@inaruwamun.gov.np,025-560077,
१२७,प्रदेश नं. १,हरिनगर गाउँपालिका,सुनसरी,http://harinagaramun.gov.np,harinagargapa@gmail.com,9842438096,
१२८,प्रदेश नं. १,देवानगञ्ज गाउँपालिका,सुनसरी,http://dewanganjmun.gov.np,dewanganjmun@gmail.com,9816387576,
१२९,प्रदेश नं. १,बर्जु गाउँपालिका,सुनसरी,http://barjumun.gov.np,info@barjumun.gov.np,9807313730,
१३०,प्रदेश नं. १,वेलका नगरपालिका,उदयपुर,http://belakamun.gov.np,belakamun@gmail.com,"9852835479,9851176291",
१३१,प्रदेश नं. १,चौदण्डीगढी नगरपालिका,उदयपुर,http://chaudandigadhimun.gov.np,chaudandigadhimun@gmail.com,"035-440247,035-440246",
१३२,प्रदेश नं. १,त्रियुगा नगरपालिका,उदयपुर,http://triyugamun.gov.np,triyuga.mun@gmail.com,035-420186,
१३३,प्रदेश नं. १,रौतामाई गाउँपालिका,उदयपुर,http://rautamaimun.gov.np,rautamairm@gmail.com,9852830325,
१३४,प्रदेश नं. १,लिम्चुङबुङ गाउँपालिका,उदयपुर,http://limchungbungmun.gov.np,ito.limchunbunmun@gmail.com,9852829101,
१३५,प्रदेश नं. १,ताप्ली गाउँपालिका,उदयपुर,http://taplimun.gov.np,ict.taplimun@gmail.com,035-691336,
१३६,प्रदेश नं. १,कटारी नगरपालिका,उदयपुर,http://katarimun.gov.np,info@katarimun.gov.np,035-450039,
१३७,प्रदेश नं. १,उदयपुरगढी गाउँपालिका,उदयपुर,http://udayapurgadhimun.gov.np,udayapurgadhirm@gmail.com,9844867979,
१३८,मधेश प्रदेश,सप्तकोशी नगरपालिका,सप्तरी,http://saptakoshimun.gov.np,saptakoshimun@gmail.com,031-550019,
१३९,मधेश प्रदेश,कञ्चनरुप नगरपालिका,सप्तरी,http://kanchanrupmun.gov.np,kanchanrupmunicipality@gmail.com,031-560114,
१४०,मधेश प्रदेश,अग्नीसाइर कृष्णासवरन गाउँपालिका,सप्तरी,http://agnisairkrishnasawaranmun.gov.np,asks.gapa@gmail.com,9804760844,
१४१,मधेश प्रदेश,रुपनी गाउँपालिका,सप्तरी,http://rupanimun.gov.np,info@rupanimun.gov.np,031-450035,
१४२,मधेश प्रदेश,शम्भुनाथ नगरपालिका,सप्तरी,http://shambhunathmun.gov.np,shambhunathmun@gmail.com,031-410111,
१४३,मधेश प्रदेश,खडक नगरपालिका,सप्तरी,http://khadakmun.gov.np,info@khadakmun.gov.np,031-540054,
१४४,मधेश प्रदेश,सुरुगां नगरपालिका,सप्तरी,http://surungamun.gov.np,surungamun@gmail.com,9804705919,
१४५,मधेश प्रदेश,बलान-विहुल गाउँपालिका,सप्तरी,http://balanbihulmun.gov.np,info@balanbihulmun.gov.np,9852660606,
१४६,मधेश प्रदेश,बोदेबरसाईन नगरपालिका,सप्तरी,http://bodebarsainmun.gov.np,bodebarsainmun@gmail.com,9819912600,
१४७,मधेश प्रदेश,डाक्नेश्वरी नगरपालिका,सप्तरी,http://dakneshworimun.gov.np,info@dakneshworimun.gov.np,9852822665,
१४८,मधेश प्रदेश,राजगढ गाउँपालिका,सप्तरी,http://rajgadhmun.gov.np,rajgadhmun@gmail.com,"9824737392,",
१४९,मधेश प्रदेश,बिष्णुपुर गाउँपालिका,सप्तरी,http://bishnupurmunsaptari.gov.np,bishnupursaptari@gmail.com,9852822500,
१५०,मधेश प्रदेश,राजविराज नगरपालिका,सप्तरी,http://rajbirajmun.gov.np,rajbirajmunsaptari@gmail.com,031-520703,
१५१,मधेश प्रदेश,महादेवा गाउँपालिका,सप्तरी,http://mahadevamun.gov.np,mahadevarmun@gmail.com,9815729565,
१५२,मधेश प्रदेश,तिरहुत गाउँपालिका,सप्तरी,http://tirahutmun.gov.np,tirahutgaunpalika555@gmail.com,9852821076,
१५३,मधेश प्रदेश,हनुमाननगर कंकालिनी नगरपालिका,सप्तरी,http://hanumannagarkankalinimun.gov.np,ito.hanumannagarkankalinimun@gmail.com,031580119,
१५४,मधेश प्रदेश,तिलाठीकोईलाडी गाउँपालिका,सप्तरी,http://tilathikoiladimun.gov.np,tilathikoiladigp@gmail.com,985282225,
१५५,मधेश प्रदेश,छिन्नमस्ता गाउँपालिका,सप्तरी,http://chhinnamastamun.gov.np,chhinnamasta.rmo.saptari@gmail.com,9852821567,
१५६,मधेश प्रदेश,लहान नगरपालिका,सिराहा,http://lahanmun.gov.np,lahan.municipal@gmail.com,033-563138,
१५७,मधेश प्रदेश,धनगढीमाई नगरपालिका,सिराहा,http://dhangadhimaimun.gov.np,info@dhangadhimaimun.gov.np,"033-545271,",
१५८,मधेश प्रदेश,गोलबजार नगरपालिका,सिराहा,http://golbazarmun.gov.np,golbazarmun@gmail.com,033-540499,
१५९,मधेश प्रदेश,मिर्चैया नगरपालिका,सिराहा,http://mirchaiyamun.gov.np,munmirchaiya272@gmail.com,033550101,
१६०,मधेश प्रदेश,कर्जन्हा नगरपालिका,सिराहा,http://karjanhamun.gov.np,karjanhamun@gmail.com,9852847112,
१६१,मधेश प्रदेश,कल्याणपुर नगरपालिका,सिराहा,http://kalyanpurmun.gov.np,kalyanpurmun2073@gmail.com,9852834364,
१६२,मधेश प्रदेश,नरहा गाउँपालिका,सिराहा,http://narahamun.gov.np,narahagapa@gmail.com,9852825205,
१६३,मधेश प्रदेश,विष्णुपुर गाउँपालिका,सिराहा,http://bishnupurmunsiraha.gov.np,info@bishnupurmunsiraha.gov.np,9852850052,
१६४,मधेश प्रदेश,अर्नमा गाउँपालिका,सिराहा,http://anarmamun.gov.np,info@arnamamun.gov.np,9869067776,
१६५,मधेश प्रदेश,सुखीपुर नगरपालिका,सिराहा,http://sukhipurmun.gov.np,sukhipurnagarpalika@gmail.com,9861851800,
१६६,मधेश प्रदेश,लक्ष्मीपुर पतारी गाउँपालिका,सिराहा,http://laxmipurpatarimun.gov.np,laxmipurpatari@gmail.com,9811745010,
१६७,मधेश प्रदेश,सखुवानान्कारकट्टी गाउँपालिका,सिराहा,http://sakhuwanankarkattimun.gov.np,sakhuwanankarkatti@gmail.com,9852832663,
१६८,मधेश प्रदेश,भगवानपुर गाउँपालिका,सिराहा,http://bhagwanpurmun.gov.np,bhagwanpurgaupalika@gmail.com,9852858001,
१६९,मधेश प्रदेश,नवराजपुर गाउँपालिका,सिराहा,http://nawarajpurmun.gov.np,gapanavrajpursiraha@gmail.com,9824704793,
१७०,मधेश प्रदेश,बरियारपट्टी गाउँपालिका,सिराहा,http://bariyapattimun.gov.np,ito.bariyarpattimun@gmail.com,9816723879,
१७१,मधेश प्रदेश,औरही गाउँपालिका,सिराहा,http://aurahimunsiraha.gov.np,aurahigaunpalika@gmail.com,9824796438,
१७२,मधेश प्रदेश,सिरहा नगरपालिका,सिराहा,http://sirahamun.gov.np,sirahamun2053@gmail.com,033-520158,
१७३,मधेश प्रदेश,गणेशमान–चारनाथ नगरपालिका,धनुषा,http://ganeshmancharnathmun.gov.np,ganeshmancharnath@gmail.com,041-427029,
१७४,मधेश प्रदेश,धनुषाधाम नगरपालिका,धनुषा,http://dhanushadhammun.gov.np,dhanushadhammunicipality@gmail.com,041-414001,
१७५,मधेश प्रदेश,मिथिला नगरपालिका,धनुषा,http://mithilamun.gov.np,info@mithilamun.gov.np,041-560046,
१७६,मधेश प्रदेश,बटेश्वर गाउँपालिका,धनुषा,http://bateshwormun.gov.np,bateshwormun@gmail.com,9851150811,
१७७,मधेश प्रदेश,क्षिरेश्वरनाथ नगरपालिका,धनुषा,http://kshireshwornathmun.gov.np,kshireshwornathmun@gmail.com,041-540077,
१७८,मधेश प्रदेश,लक्ष्मीनिया गाउँपालिका,धनुषा,http://laxminiyamun.gov.np,laxminiyamun@gmail.com,9854029420,
१७९,मधेश प्रदेश,मिथिला विहारी नगरपालिका,धनुषा,http://mithilabiharimun.gov.np,info@mithilabiharimun.gov.np,9808953351,
१८०,मधेश प्रदेश,हंसपुर नगरपालिका,धनुषा,http://hansapurmun.gov.np,hanspurnagarpalika@gmail.com,9854028880,
१८१,मधेश प्रदेश,सबैला नगरपालिका,धनुषा,http://sabailamun.gov.np,sabailamun@gmail.com,9854024281,
१८२,मधेश प्रदेश,शहिदनगर नगरपालिका,धनुषा,http://shahidnagarmun.gov.np,ito.shahidnagarmun@gmail.com,९८५४०२९७६९,
१८३,मधेश प्रदेश,कमला नगरपालिका,धनुषा,http://kamalamun.gov.np,kamala.municipality@gmail.com,9854029063,
१८४,मधेश प्रदेश,जनकनन्दिनी गाउँपालिका,धनुषा,http://janaknandinimun.gov.np,info@janaknandinimun.gov.np,9854029259,
१८५,मधेश प्रदेश,विदेह नगरपालिका,धनुषा,http://bidehamun.gov.np,info@bidehamun.gov.np,9868023630,
१८६,मधेश प्रदेश,औरही गाउँपालिका,धनुषा,http://aurahimundhanusha.gov.np,aurahimun@gmail.com,9854022270,
१८७,मधेश प्रदेश,जनकपुर उप-महानगरपालिका,धनुषा,http://janakpurmun.gov.np,info@janakpurmun.gov.np,041-520520,
१८८,मधेश प्रदेश,धनौजी गाउँपालिका,धनुषा,http://dhanaujimun.gov.np,info@dhanaujimun.gov.np,9844297535,
१८९,मधेश प्रदेश,नगराइन नगरपालिका,धनुषा,http://nagrainmun.gov.np,nagarainmun@gmail.com,9854029772,
१९०,मधेश प्रदेश,मुखियापट्टि मुसहरमिया गाउँपालिका,धनुषा,http://mukhiyapattimusaharmiyamun.gov.np,mukhiyapattimun@gmail.com,9854029842,
१९१,मधेश प्रदेश,बर्दिबास नगरपालिका,महोत्तरी,http://bardibasmun.gov.np,bardibasmunicipality@gmail.com,9854055111,
१९२,मधेश प्रदेश,गौशाला नगरपालिका,महोत्तरी,http://gaushalamun.gov.np,info@gaushalamun.gov.np,044-556139,
१९३,मधेश प्रदेश,सोनमा गाउँपालिका,महोत्तरी,http://sonmamun.gov.np,sonamarm2073@gmail.com,9819681465,
१९४,मधेश प्रदेश,औरही नगरपालिका,महोत्तरी,http://aurahimunmahottari.gov.np,aurahimunmahottari@gmail.com,041-411052,
१९५,मधेश प्रदेश,भँगाहा नगरपालिका,महोत्तरी,http://bhagahamun.gov.np,bhangahamun@gmail.com,9854032003,
१९६,मधेश प्रदेश,लोहरपट्टी नगरपालिका,महोत्तरी,http://loharpattimun.gov.np,loharpattimunicipality@gmail.com,9801631314,
१९७,मधेश प्रदेश,बलवा नगरपालिका,महोत्तरी,http://balwamun.gov.np,info@balwamun.gov.np,9803280142,
१९८,मधेश प्रदेश,रामगोपालपुर नगरपालिका,महोत्तरी,http://ramgopalpurmun.gov.np,info@ramgopalpurmun.gov.np,044410078,
१९९,मधेश प्रदेश,साम्सी गाउँपालिका,महोत्तरी,http://samsimun.gov.np,info@samsimun.gov.np,9854032013,
२००,मधेश प्रदेश,मनरा सिसवा नगरपालिका,महोत्तरी,http://manarashiswamun.gov.np,ito.manrasishwamun@gmail.com,9864042450,
२०१,मधेश प्रदेश,एकडारा गाउँपालिका,महोत्तरी,http://ekdaramun.gov.np,info@ekdaramun.gov.np,9818709767,
२०२,मधेश प्रदेश,महोत्तरी गाउँपालिका,महोत्तरी,http://mahottarimun.gov.np,mahottarimun@gmail.com,9854032300,
२०३,मधेश प्रदेश,पिपरा गाउँपालिका,महोत्तरी,http://pipramun.gov.np,info@pipramun.gov.np,044-548047,
२०४,मधेश प्रदेश,मटिहानी नगरपालिका,महोत्तरी,http://matihanimun.gov.np,info@matihanimun.gov.np,9854032813,
२०५,मधेश प्रदेश,जलेश्वर नगरपालिका,महोत्तरी,http://jaleshwarmun.gov.np,info.jaleshwarmun@gmail.com,9854031770,
२०६,मधेश प्रदेश,लालबन्दी नगरपालिका,सर्लाही,http://lalbandimun.gov.np,info@lalbandimun.gov.np,046-501100,
२०७,मधेश प्रदेश,हरिवन नगरपालिका,सर्लाही,http://harionmun.gov.np,info@harionmun.gov.np,046-530499,
२०८,मधेश प्रदेश,बागमती नगरपालिका,सर्लाही,http://bagmatimunsarlahi.gov.np,bagmatimun@gmail.com,046-410008,
२०९,मधेश प्रदेश,बरहथवा नगरपालिका,सर्लाही,http://barhathwamun.gov.np,barahathawamun@gmail.com,046-540310,
२१०,मधेश प्रदेश,हरिपुर नगरपालिका,सर्लाही,http://haripurmun.gov.np,info@haripurmun.gov.np,046-411032,
२११,मधेश प्रदेश,ईश्वरपुर नगरपालिका,सर्लाही,http://ishworpurmun.gov.np,ishworpur2071@gmail.com,9854042111,
२१२,मधेश प्रदेश,हरिपुर्वा नगरपालिका,सर्लाही,http://haripurwamun.gov.np,ito.haripurwamun@gmail.com,9844112849,
२१३,मधेश प्रदेश,पर्सा गाउँपालिका,सर्लाही,http://parsamun.gov.np,info@parsamun.gov.np,9854074000,
२१४,मधेश प्रदेश,ब्रह्मपुरी गाउँपालिका,सर्लाही,http://brahmapurimun.gov.np,brahmpurigp.sarlahi@gmail.com,9854036499,
२१५,मधेश प्रदेश,चन्द्रनगर गाउँपालिका,सर्लाही,http://chandranagarmun.gov.np,chandranagar111@gmail.com,9802045020,
२१६,मधेश प्रदेश,कबिलासी नगरपालिका,सर्लाही,http://kawilasimun.gov.np,kabilasimun@gmail.com,9854035829,
२१७,मधेश प्रदेश,चक्रघट्टा गाउँपालिका,सर्लाही,http://chakraghattamun.gov.np,info@chakraghattamun.gov.np,9851034392,
२१८,मधेश प्रदेश,बसबरीया गाउँपालिका,सर्लाही,http://basbariyamun.gov.np,basbariyamun@gmail.com,9854038064,
२१९,मधेश प्रदेश,धनकौल गाउँपालिका,सर्लाही,http://dhankaulmun.gov.np,dhankaul.gaupalika@gmail.com,9864201416,
२२०,मधेश प्रदेश,रामनगर गाउँपालिका,सर्लाही,http://ramnagarmun.gov.np,info@ramnagarmun.gov.np,9842738749,
२२१,मधेश प्रदेश,बलरा नगरपालिका,सर्लाही,http://balramun.gov.np,info@balramun.gov.np,9845134743,
२२२,मधेश प्रदेश,गोडैटा नगरपालिका,सर्लाही,http://godaitamun.gov.np,godaitamunicipality@gmail.com,9854038382,
२२३,मधेश प्रदेश,विष्णु गाउँपालिका,सर्लाही,http://bishnumun.gov.np,info@bishnumun.gov.np,9854039542,
२२४,मधेश प्रदेश,कौडेना गाउँपालिका,सर्लाही,http://kaudenamun.gov.np,ito.kaudenamun@gmail.com,9801130333,
२२५,मधेश प्रदेश,मलंगवा नगरपालिका,सर्लाही,http://malangwamun.gov.np,malangwanagarpalika@gmail.com,046-520175,
२२६,मधेश प्रदेश,चन्द्रपुर नगरपालिका,रौतहट,http://chandrapurmun.gov.np,info@chandrapurmun.gov.np,055-540200,
२२७,मधेश प्रदेश,गुजरा नगरपालिका,रौतहट,http://gujaramun.gov.np,info@gujaramun.gov.np,9845021100,
२२८,मधेश प्रदेश,फतुवा विजयपुर नगरपालिका,रौतहट,http://phatuwabijaypurmun.gov.np,fatuwabijaypur@gmail.com,9845041457,
२२९,मधेश प्रदेश,कटहरीया नगरपालिका,रौतहट,http://katahariyamun.gov.np,katahariyamun@gmail.com,9855067803,
२३०,मधेश प्रदेश,वृन्दावन नगरपालिका,रौतहट,http://brindawanmun.gov.np,brindawanmun@gmail.com,9855041097,
२३१,मधेश प्रदेश,गढीमाई नगरपालिका,रौतहट,http://gadhimaimun.gov.np,gadhimaimun@gmail.com,9865050201,
२३२,मधेश प्रदेश,माधवनारायण नगरपालिका,रौतहट,http://madhavnarayanmun.gov.np,info@madhavnarayanmun.gov.np,9855044025,
२३३,मधेश प्रदेश,गरुडा नगरपालिका,रौतहट,http://garudamun.gov.np,ito.garudamun@gmail.com,055-565201,
२३४,मधेश प्रदेश,देवाही गोनाही नगरपालिका,रौतहट,http://dewahigonahimun.gov.np,dewahigonahimun@gmail.com,9855040145,
२३५,मधेश प्रदेश,मौलापुर नगरपालिका,रौतहट,http://maulapurmun.gov.np,maulapurmun@gmail.com,9999999999,
२३६,मधेश प्रदेश,बौधीमाई नगरपालिका,रौतहट,http://baudhimaimun.gov.np,baudhimaimun@gmail.com,9855044677,
२३७,मधेश प्रदेश,परोहा नगरपालिका,रौतहट,http://parohamun.gov.np,info@parohamun.gov.np,9855043003,
२३८,मधेश प्रदेश,राजपुर नगरपालिका,रौतहट,http://rajpurmunrautahat.gov.np,ito@rajpurmunrautahat.gov.np,९८५५०४४०२४,
२३९,मधेश प्रदेश,यमुनामाई गाउँपालिका,रौतहट,http://yamunamaimun.gov.np,yamunamai5@gmail.com,9855044613,
२४०,मधेश प्रदेश,दुर्गाभगवती गाउँपालिका,रौतहट,http://durgabhagawatimun.gov.np,ito.durgabhagawatimun@gmail.com,055-400041,
२४१,मधेश प्रदेश,राजदेवी नगरपालिका,रौतहट,http://rajdevimun.gov.np,rajdevimata123@gmail.com,9855040127,
२४२,मधेश प्रदेश,गौर नगरपालिका,रौतहट,http://gaurmun.gov.np,info@gaurmun.gov.np,055-520294,
२४३,मधेश प्रदेश,ईशनाथ नगरपालिका,रौतहट,http://ishnathmun.gov.np,info@ishnathmun.gov.np,9855040373,
२४४,मधेश प्रदेश,निजगढ नगरपालिका,बारा,http://nijgadhmun.gov.np,nijgadhmun@gmail.com,053-540200,
२४५,मधेश प्रदेश,कोल्हवी नगरपालिका,बारा,http://kolhabimun.gov.np,info@kolhabimun.gov.np,"053-410115,",
२४६,मधेश प्रदेश,जितपुर-सिमरा उप-महानगरपालिका,बारा,http://jeetpursimaramun.gov.np,jeetpursimarasubmetropolitan@gmail.com,053-412173,
२४७,मधेश प्रदेश,परवानीपुर गाउँपालिका,बारा,http://parwanipurmun.gov.np,parwanipurgaupalika@gmail.com,"9855048565,",
२४८,मधेश प्रदेश,प्रसौनी गाउँपालिका,बारा,http://prasaunimun.gov.np,prasaunigaupalika1@gmail.com,9855048303,
२४९,मधेश प्रदेश,विश्रामपुर गाउँपालिका,बारा,http://bishrampurmun.gov.np,bishrampurgapa@gmail.com,9855045751,
२५०,मधेश प्रदेश,फेटा गाउँपालिका,बारा,http://phetamun.gov.np,info@phetamun.gov.np,9855048203,
२५१,मधेश प्रदेश,कलैया उप-महानगरपालिका,बारा,http://kalaiyamun.gov.np,kalaiyamun@gmail.com,053-550135,
२५२,मधेश प्रदेश,करैयामाई गाउँपालिका,बारा,http://karaiyamaimun.gov.np,info@karaiyamaimun.gov.np,9855048988,
२५३,मधेश प्रदेश,बारागढी गाउँपालिका,बारा,http://baragadhimun.gov.np,ito.baragadhimun@gmail.com,9817222342,
२५४,मधेश प्रदेश,आदर्श कोतवाल गाउँपालिका,बारा,http://aadarshakotwalmun.gov.np,info@aadarshakotwalmun.gov.np,9855049296,
२५५,मधेश प्रदेश,सिम्रौनगढ नगरपालिका,बारा,http://simraungadhmun.gov.np,simraungadhmun@gmail.com,053-411072,
२५६,मधेश प्रदेश,पचरौता नगरपालिका,बारा,http://pachrautamun.gov.np,pachrautamun@gmail.com,9855048464,
२५७,मधेश प्रदेश,महागढीमाई नगरपालिका,बारा,http://mahagadhimaimun.gov.np,info@mahagadhimaimun.gov.np,053-(419800-419806),
२५८,मधेश प्रदेश,देवताल गाउँपालिका,बारा,http://devtalmun.gov.np,info@devtalmun.gov.np,9855048006,
२५९,मधेश प्रदेश,सुवर्ण गाउँपालिका,बारा,http://suwarnamun.gov.np,suwarnamun@gmail.com,9845603025,
२६०,मधेश प्रदेश,ठोरी गाउँपालिका,पर्सा,http://thorimun.gov.np,ito.thorirmun@gmail.com,9849361387,
२६१,मधेश प्रदेश,जिराभवानी गाउँपालिका,पर्सा,http://jirabhawanimun.gov.np,ito.jirabhawanimun@gmail.com,9855015100,
२६२,मधेश प्रदेश,जगरनाथपुर गाउँपालिका,पर्सा,http://jagarnathpurmun.gov.np,jagarnathpurrm@gmail.com,9855022509,
२६३,मधेश प्रदेश,पटेर्वा सुगौली गाउँपालिका,पर्सा,http://paterwasugaulimun.gov.np,info@paterwasugaulimun.gov.np,9855088233,
२६४,मधेश प्रदेश,सखुवा प्रसौनी गाउँपालिका,पर्सा,http://sakhuwaprasaunimun.gov.np,info@sakhuwaprasaunimun.gov.np,9851155165,
२६५,मधेश प्रदेश,पर्सागढी नगरपालिका,पर्सा,http://parsagadhimun.gov.np,info@parsagadhimun.gov.np,"9855011112,9855038425",
२६६,मधेश प्रदेश,वीरगञ्ज महानगरपालिका,पर्सा,http://birgunjmun.gov.np,info@birgunjmun.gov.np,051-522802,
२६७,मधेश प्रदेश,बहुदरमाई नगरपालिका,पर्सा,http://bahudarmaimun.gov.np,bahudarmaimun@gmail.com,9855011114,
२६८,मधेश प्रदेश,पोखरिया नगरपालिका,पर्सा,http://pokhariyamun.gov.np,ito.pokhariyamun@gmail.com,9855037003,
२६९,मधेश प्रदेश,कालिकामाई गाउँपालिका,पर्सा,http://kalikamaimun.gov.np,info@kalikamaimun.gov.np,9855011118,
२७०,मधेश प्रदेश,धोबीनी गाउँपालिका,पर्सा,http://dhobinimun.gov.np,dhobinimun@gmail.com,9855077705,
२७१,मधेश प्रदेश,छिपहरमाई गाउँपालिका,पर्सा,http://chhipaharmaimun.gov.np,info@chhipaharmaimun.gov.np,9855036084,
२७२,मधेश प्रदेश,पकाहा मैनपुर गाउँपालिका,पर्सा,http://pakahamainpurmun.gov.np,pakahamainpurmun@gmail.com,"9855016345,",
२७३,मधेश प्रदेश,बिन्दबासिनी गाउँपालिका,पर्सा,http://bindabasinimun.gov.np,ito.bindabasinimun@gmail.com,9855085527,
२७४,बागमती प्रदेश,गौरीशङ्कर गाउँपालिका,दोलखा,http://gaurishankarmun.gov.np,gs.dolakha@gmail.com,049691351,
२७५,बागमती प्रदेश,विगु गाउँपालिका,दोलखा,http://bigumun.gov.np,info@bigumun.gov.np,049-410109,
२७६,बागमती प्रदेश,कालिन्चोक गाउँपालिका,दोलखा,http://kalinchowkmun.gov.np,kalinchokrmdolakha@gmail.com,049691330,
२७७,बागमती प्रदेश,वैतेश्वर गाउँपालिका,दोलखा,http://baiteshwormun.gov.np,info@baiteshwormun.gov.np,9851249203,
२७८,बागमती प्रदेश,जिरी नगरपालिका,दोलखा,http://jirimun.gov.np,jirimunicipalityjiri@gmail.com,049-414002,
२७९,बागमती प्रदेश,तामाकोशी गाउँपालिका,दोलखा,http://tamakoshimun.gov.np,info@tamakoshimun.gov.np,9851205684,
२८०,बागमती प्रदेश,मेलुङ्ग गाउँपालिका,दोलखा,http://melungmun.gov.np,info@melungmun.gov.np,9851149201,
२८१,बागमती प्रदेश,शैलुङ्ग गाउँपालिका,दोलखा,http://shailungmun.gov.np,info@shailungmun.gov.np,049-419507,
२८२,बागमती प्रदेश,भिमेश्वर नगरपालिका,दोलखा,http://bhimeshwormun.gov.np,ict.bhimeshwor@gmail.com,049-421381,
२८३,बागमती प्रदेश,भोटेकोशी गाउँपालिका,सिन्धुपाल्चोक,http://bhotekoshimun.gov.np,info@bhotekoshimun.gov.np,"01-1480015,",
२८४,बागमती प्रदेश,जुगल गाउँपालिका,सिन्धुपाल्चोक,http://jugalmun.gov.np,jugalgaupalika12@gmail.com,011-691054,
२८५,बागमती प्रदेश,पाँचपोखरी थाङपाल गाउँपालिका,सिन्धुपाल्चोक,http://panchpokharithangpalmun.gov.np,ito.panchpokharithangpalmun@gmail.com,9751099842,
२८६,बागमती प्रदेश,हेलम्बु गाउँपालिका,सिन्धुपाल्चोक,http://helambumun.gov.np,info@helambumun.gov.np,9851184111,
२८७,बागमती प्रदेश,मेलम्ची नगरपालिका,सिन्धुपाल्चोक,http://melamchimun.gov.np,info@melamchimun.gov.np,011-401089,
२८८,बागमती प्रदेश,ईन्द्रावती गाउँपालिका,सिन्धुपाल्चोक,http://indrawatimun.gov.np,info@indrawatimun.gov.np,01-6203090,
२८९,बागमती प्रदेश,चौतारा सागाचोकगढी नगरपालिका,सिन्धुपाल्चोक,http://chautarasangachowkgadhimun.gov.np,info@chautaramun.gov.np,011-620477,
२९०,बागमती प्रदेश,बलेफी गाउँपालिका,सिन्धुपाल्चोक,http://balephimun.gov.np,info@balephimun.gov.np,011400536,
२९१,बागमती प्रदेश,वाह्रविसे नगरपालिका,सिन्धुपाल्चोक,http://bahrabisemun.gov.np,barhabisemun@gmail.com,011-489003,
२९२,बागमती प्रदेश,त्रिपुरासुन्दरी गाउँपालिका,सिन्धुपाल्चोक,http://tripurasundarimunsindhupalchowk.gov.np,tripurasundarisipa@gmail.com,01-6201663,
२९३,बागमती प्रदेश,लिसंखुपाखर गाउँपालिका,सिन्धुपाल्चोक,http://lisankhupakharmun.gov.np,lisankhupakharmun@gmail.com,011-691118,
२९४,बागमती प्रदेश,सुनकोशी गाउँपालिका,सिन्धुपाल्चोक,http://sunkoshimunsindhupalchowk.gov.np,info@sunkoshimunsindhupalchowk.gov.np,011-482208,
२९५,बागमती प्रदेश,गोसाईंकुण्ड गाउँपालिका,रसुवा,http://gosaikundamun.gov.np,gosaikundapalika@gmail.com,010-541088,
२९६,बागमती प्रदेश,आमाछोदिङमो गाउँपालिका,रसुवा,http://aamachhodingmomun.gov.np,aamachhodingmo@gmail.com,9851235533,
२९७,बागमती प्रदेश,उत्तरगया गाउँपालिका,रसुवा,http://uttargayamun.gov.np,mail@uttargayamun.gov.np,9851254790,
२९८,बागमती प्रदेश,कालिका गाउँपालिका,रसुवा,http://kalikamunrasuwa.gov.np,kalikagaupalika@gmail.com,010-542096,
२९९,बागमती प्रदेश,नौकुण्ड गाउँपालिका,रसुवा,http://naukundamun.gov.np,naukundagaunpalika@gmail.com,016-924824,
३००,बागमती प्रदेश,रुवी भ्याली गाउँपालिका,धादिङ,http://rubivalleymun.gov.np,rubyvalleymun2017@gmail.com,9851170713,
३०१,बागमती प्रदेश,खनियाबास गाउँपालिका,धादिङ,http://khaniyabasmun.gov.np,ito.khaniyabasmun@gmail.com,9851040756,
३०२,बागमती प्रदेश,गङ्गाजमुना गाउँपालिका,धादिङ,http://gangajamunamun.gov.np,info@gangajamunamun.gov.np,9851208915,
३०३,बागमती प्रदेश,त्रिपुरासुन्दरी गाउँपालिका,धादिङ,http://tripurasundarimundhading.gov.np,tripurasundaridhading@gmail.com,9851100510,
३०४,बागमती प्रदेश,नेत्रावती डबजोङ गाउँपालिका,धादिङ,http://netrawatimun.gov.np,netrawatimun@gmail.com,9851100513,
३०५,बागमती प्रदेश,नीलकण्ठ नगरपालिका,धादिङ,http://neelakanthamun.gov.np,info@neelakanthamun.gov.np,010-520568,
३०६,बागमती प्रदेश,ज्वालामूखी गाउँपालिका,धादिङ,http://jwalamukhimun.gov.np,info@jwalamukhimun.gov.np,9851215397,
३०७,बागमती प्रदेश,सिद्धलेक गाउँपालिका,धादिङ,http://siddhalekmun.gov.np,sidhalekhruralmun@gmail.com,9851313553,
३०८,बागमती प्रदेश,बेनीघाट रोराङ्ग गाउँपालिका,धादिङ,http://benighatrorangmun.gov.np,info@benighatrorangmun.gov.np,010-416000,
३०९,बागमती प्रदेश,गजुरी गाउँपालिका,धादिङ,http://gajurimun.gov.np,info@gajurimun.gov.np,010-402142,
३१०,बागमती प्रदेश,गल्छी गाउँपालिका,धादिङ,http://galchhimun.gov.np,info@galchhimun.gov.np,010-403156,
३११,बागमती प्रदेश,थाक्रे गाउँपालिका,धादिङ,http://thakremun.gov.np,info@thakremun.gov.np,01-0415098,
३१२,बागमती प्रदेश,धुनीबेंसी नगरपालिका,धादिङ,http://dhunibeshimun.gov.np,dhunibeshimun@gmail.com,"010401197,",
३१३,बागमती प्रदेश,दुप्चेश्वर गाउँपालिका,नुवाकोट,http://dupcheshwormun.gov.np,dupcherumun2017@gmail.com,9851126899,
३१४,बागमती प्रदेश,तादी गाउँपालिका,नुवाकोट,http://tadimun.gov.np,ito.tadimun@gmail.com,010-630006,
३१५,बागमती प्रदेश,सुर्यगढी गाउँपालिका,नुवाकोट,http://suryagadhimun.gov.np,info@suryagadhimun.gov.np,010-680042,
३१६,बागमती प्रदेश,विदुर नगरपालिका,नुवाकोट,http://bidurmun.gov.np,info@bidurmun.gov.np,010560469,
३१७,बागमती प्रदेश,किस्पाङ गाउँपालिका,नुवाकोट,http://kispangmun.gov.np,info@kispangmun.gov.np,010-681217,
३१८,बागमती प्रदेश,म्यागङ गाउँपालिका,नुवाकोट,http://myagangmun.gov.np,myagangrm@gmail.com,9851219732,
३१९,बागमती प्रदेश,तारकेश्वर गाउँपालिका,नुवाकोट,http://tarakeshwormunnuwakot.gov.np,info@tarakeshwormun.gov.np,010-630001,
३२०,बागमती प्रदेश,बेलकोटगढी नगरपालिका,नुवाकोट,http://belkotgadhimun.gov.np,belkotgadhinagarpalika@gmail.com,9851253022,
३२१,बागमती प्रदेश,लिखु गाउँपालिका,नुवाकोट,http://likhumunnuwakot.gov.np,likhu.nuwakot@gmail.com,010-630022,
३२२,बागमती प्रदेश,पञ्चकन्या गाउँपालिका,नुवाकोट,http://panchakanyamun.gov.np,info@panchakanyamun.gov.np,9863522620,
३२३,बागमती प्रदेश,शिवपुरी गाउँपालिका,नुवाकोट,http://shivapurimun.gov.np,shivapuri.rmun@gmail.com,010620063,
३२४,बागमती प्रदेश,ककनी गाउँपालिका,नुवाकोट,http://kakanimun.gov.np,ito.kakanimun@gmail.com,010-411022,
३२५,बागमती प्रदेश,शंखरापुर नगरपालिका,काठमाण्डौं,http://shankharapurmun.gov.np,shankharapur.municipality@gmail.com,01-4450355,
३२६,बागमती प्रदेश,कागेश्वरी–मनोहरा नगरपालिका,काठमाण्डौं,http://kageshworimanoharamun.gov.np,info@kageshworimanoharamun.gov.np,01-4451242,
३२७,बागमती प्रदेश,गोकर्णेश्वर नगरपालिका,काठमाण्डौं,http://gokarneshwormun.gov.np,gokarneshwormun@gmail.com,01-4914114,
३२८,बागमती प्रदेश,बुढानिलकण्ठ नगरपालिका,काठमाण्डौं,http://budhanilkanthamun.gov.np,info@budhanilkanthamun.gov.np,01-4372725,
३२९,बागमती प्रदेश,टोखा नगरपालिका,काठमाण्डौं,http://tokhamun.gov.np,info@tokhamun.gov.np,01-4385013,
३३०,बागमती प्रदेश,तारकेश्वर नगरपालिका,काठमाण्डौं,http://tarakeshwormun.gov.np,tarakeshwormun2071@gmail.com,01-5168111,
३३१,बागमती प्रदेश,नागार्जुन नगरपालिका,काठमाण्डौं,http://nagarjunmun.gov.np,nagarjun.napa@gmail.com,01-4671716,
३३२,बागमती प्रदेश,काठमाण्डौं महानगरपालिका,काठमाण्डौं,http://kathmandu.gov.np,mayor@kathmandu.gov.np,014231481,
३३३,बागमती प्रदेश,कीर्तिपुर नगरपालिका,काठमाण्डौं,http://kirtipurmun.gov.np,ict.munkirtipur@gmail.com,014331693,
३३४,बागमती प्रदेश,चन्द्रागिरी नगरपालिका,काठमाण्डौं,http://chandragirimun.gov.np,info@chandragirimun.gov.np,01-4315766,
३३५,बागमती प्रदेश,दक्षिणकाली नगरपालिका,काठमाण्डौं,http://dakshinkalimun.gov.np,info@dakshinkalimun.gov.np,01-4710028,
३३६,बागमती प्रदेश,चाँगुनारायण नगरपालिका,भक्तपुर,http://changunarayanmun.gov.np,ito@changunarayanmun.gov.np,01-6614809,
३३७,बागमती प्रदेश,भक्तपुर नगरपालिका,भक्तपुर,http://bhaktapurmun.gov.np,info@bhaktapurmun.gov.np,01-6610096,
३३८,बागमती प्रदेश,मध्यपुर थिमी नगरपालिका,भक्तपुर,http://madhyapurthimimun.gov.np,info@madhyapurthimimun.gov.np,01-6630046,
३३९,बागमती प्रदेश,सूर्यविनायक नगरपालिका,भक्तपुर,http://suryabinayakmun.gov.np,official@suryabinayakmun.gov.np,01-6612193,
३४०,बागमती प्रदेश,महालक्ष्मी नगरपालिका,ललितपुर,http://mahalaxmimun.gov.np,info@mahalaxmimun.gov.np,"015203592,",
३४१,बागमती प्रदेश,ललितपुर महानगरपालिका,ललितपुर,http://lmc.gov.np,info@lmc.gov.np,015522563,
३४२,बागमती प्रदेश,गोदावरी नगरपालिका,ललितपुर,http://godawarimunlalitpur.gov.np,godawari.nagarpalika@gmail.com,015572592,
३४३,बागमती प्रदेश,कोन्ज्योसोम गाउँपालिका,ललितपुर,http://konjyosommun.gov.np,konjyosom2075@gmail.com,9851168250,
३४४,बागमती प्रदेश,महाङ्काल गाउँपालिका,ललितपुर,http://mahankalmun.gov.np,mahankalmun2017@gmail.com,9851320045,
३४५,बागमती प्रदेश,बाग्मती गाउँपालिका,ललितपुर,http://bagmatimunlalitpur.gov.np,bagmatigaupalika@gmail.com,9841335585,
३४६,बागमती प्रदेश,चौंरीदेउराली गाउँपालिका,काभ्रेपलाञ्चोक,http://chaurideuralimun.gov.np,ito.chaurideuralimun@gmail.com,-,
३४७,बागमती प्रदेश,भुम्लु गाउँपालिका,काभ्रेपलाञ्चोक,http://bhumlumun.gov.np,info@bhumlumun.gov.np,9851084808,
३४८,बागमती प्रदेश,मण्डनदेउपुर नगरपालिका,काभ्रेपलाञ्चोक,http://mandandeupurmun.gov.np,mandandeupurmu@gmail.com,011-412114,
३४९,बागमती प्रदेश,बनेपा नगरपालिका,काभ्रेपलाञ्चोक,http://banepamun.gov.np,ict.banepamun@gmail.com,011-662081,
३५०,बागमती प्रदेश,धुलिखेल नगरपालिका,काभ्रेपलाञ्चोक,http://dhulikhelmun.gov.np,info@dhulikhelmun.gov.np,011-490324,
३५१,बागमती प्रदेश,पांचखाल नगरपालिका,काभ्रेपलाञ्चोक,http://panchkhalmun.gov.np,panchkhal.municipality@gmail.com,011-499451,
३५२,बागमती प्रदेश,तेमाल गाउँपालिका,काभ्रेपलाञ्चोक,http://temalmun.gov.np,temalmun2@gmail.com,011691149,
३५३,बागमती प्रदेश,नमोबुद्ध नगरपालिका,काभ्रेपलाञ्चोक,http://namobuddhamun.gov.np,info@namobuddhamun.gov.np,011-404031,
३५४,बागमती प्रदेश,पनौती नगरपालिका,काभ्रेपलाञ्चोक,http://panautimun.gov.np,info@panautimun.gov.np,011440136,
३५५,बागमती प्रदेश,बेथानचोक गाउँपालिका,काभ्रेपलाञ्चोक,http://bethanchowkmun.gov.np,info@bethanchowkmun.gov.np,9851225074,
३५६,बागमती प्रदेश,रोशी गाउँपालिका,काभ्रेपलाञ्चोक,http://roshimun.gov.np,roshi2073@gmail.com,9851201937,
३५७,बागमती प्रदेश,महाभारत गाउँपालिका,काभ्रेपलाञ्चोक,http://mahabharatmun.gov.np,ito.mahabharatmun@gmail.com,9851255781,
३५८,बागमती प्रदेश,खानीखोला गाउँपालिका,काभ्रेपलाञ्चोक,http://khanikholamun.gov.np,info@khanikholamun.gov.np,9851225957,
३५९,बागमती प्रदेश,उमाकुण्ड गाउँपालिका,रामेछाप,http://umakundamun.gov.np,info@umakundamun.gov.np,046-691927,
३६०,बागमती प्रदेश,गोकुलगङ्गा गाउँपालिका,रामेछाप,http://gokulgangamun.gov.np,info@gokulgangamun.gov.np,9863023018,
३६१,बागमती प्रदेश,लिखु तामाकोशी गाउँपालिका,रामेछाप,http://likhumunramechhap.gov.np,ito.likhuramechhapmun@gmail.com,9851035780,
३६२,बागमती प्रदेश,रामेछाप नगरपालिका,रामेछाप,http://ramechhapmun.gov.np,ramechhapmun@gmail.com,048-400012,
३६३,बागमती प्रदेश,मन्थली नगरपालिका,रामेछाप,http://manthalimun.gov.np,info@manthalimun.gov.np,48-540112,
३६४,बागमती प्रदेश,खाँडादेवी गाउँपालिका,रामेछाप,http://khandadevimun.gov.np,khandadevimun@gmail.com,"9854026600,",
३६५,बागमती प्रदेश,दोरम्बा शैलुङ गाउँपालिका,रामेछाप,http://dorambamun.gov.np,info@dorambamun.gov.np,9854043969,
३६६,बागमती प्रदेश,सुनापति गाउँपालिका,रामेछाप,http://sunapatimun.gov.np,ito.sunapatimun@gmail.com,9854043840,
३६७,बागमती प्रदेश,दुधौली नगरपालिका,सिन्धुली,http://dudhaulimun.gov.np,dudhaulinp@gmail.com,047-412045,
३६८,बागमती प्रदेश,फिक्कल गाउँपालिका,सिन्धुली,http://phikkalmun.gov.np,phikkalruralmun@gmail.com,047692026,
३६९,बागमती प्रदेश,तीनपाटन गाउँपालिका,सिन्धुली,http://tinpatanmun.gov.np,info@tinpatanmun.gov.np,9854042220,
३७०,बागमती प्रदेश,गोलन्जोर गाउँपालिका,सिन्धुली,http://golanjormun.gov.np,info@golanjormun.gov.np,047-692025,
३७१,बागमती प्रदेश,कमलामाई नगरपालिका,सिन्धुली,http://kamalamaimun.gov.np,kamalamaimun.sindhuli@gmail.com,047-520245,
३७२,बागमती प्रदेश,सुनकोशी गाउँपालिका,सिन्धुली,http://sunkoshimunsindhuli.gov.np,info@sunkoshimunsindhuli.gov.np,01-6924118,
३७३,बागमती प्रदेश,घ्याङलेख गाउँपालिका,सिन्धुली,http://ghyanglekhmun.gov.np,info@ghyanglekhmun.gov.np,9854041892,
३७४,बागमती प्रदेश,मरिण गाउँपालिका,सिन्धुली,http://marinmun.gov.np,info@marinmun.gov.np,9854042200,
३७५,बागमती प्रदेश,हरिहरपुरगढी गाउँपालिका,सिन्धुली,http://hariharpurgadhimun.gov.np,hariharpurgadhi@gmail.com,047-692040,
३७६,बागमती प्रदेश,ईन्द्रसरोवर गाउँपालिका,मकवानपुर,http://indrasarowarmun.gov.np,indrasarowarmun@gmail.com,9847216005,
३७७,बागमती प्रदेश,थाहा नगरपालिका,मकवानपुर,http://thahamun.gov.np,info@thahamun.gov.np,057-400066,
३७८,बागमती प्रदेश,कैलाश गाउँपालिका,मकवानपुर,http://kailashmun.gov.np,info@kailashmun.gov.np,9855088266,
३७९,बागमती प्रदेश,राक्सिराङ्ग गाउँपालिका,मकवानपुर,http://raksirangmun.gov.np,info@raksirangmun.gov.np,9855077601,
३८०,बागमती प्रदेश,मनहरी गाउँपालिका,मकवानपुर,http://manaharimun.gov.np,manaharimun@gmail.com,057-419303,
३८१,बागमती प्रदेश,हेटौंडा उप-महानगरपालिका,मकवानपुर,http://hetaudamun.gov.np,Info@hetaudamun.gov.np,057-520377,
३८२,बागमती प्रदेश,भिमफेदी गाउँपालिका,मकवानपुर,http://bhimphedimun.gov.np,ito.bhimphedimun@gmail.com,"057410066,",
३८३,बागमती प्रदेश,मकवानपुरगढी गाउँपालिका,मकवानपुर,http://makawanpurgadhimun.gov.np,info@makawanpurgadhimun.gov.np,9855088996,
३८४,बागमती प्रदेश,बकैया गाउँपालिका,मकवानपुर,http://bakaiyamun.gov.np,bakaiyagaunpalika@gmail.com,9855088066,
३८५,बागमती प्रदेश,बाग्मती गाउँपालिका,मकवानपुर,http://bagmatimunmakawanpur.gov.np,bagmatimun.makwanpur@gmail.com,057620476,
३८६,बागमती प्रदेश,राप्ती नगरपालिका,चितवन,http://raptimun.gov.np,contact@raptimun.gov.np,056-550015,
३८७,बागमती प्रदेश,कालिका नगरपालिका,चितवन,http://kalikamunchitwan.gov.np,kalikanagarpalika@gmail.com,056413127,
३८८,बागमती प्रदेश,इच्छाकामना गाउँपालिका,चितवन,http://ichchhakamanamun.gov.np,ichchhakamanaruralmun@gmail.com,056-410111,
३८९,बागमती प्रदेश,भरतपुर महानगरपालिका,चितवन,http://bharatpurmun.gov.np,bmc@ntc.net.np,056-525879,
३९०,बागमती प्रदेश,रत्ननगर नगरपालिका,चितवन,http://ratnanagarmun.gov.np,info@ratnanagarmun.gov.np,056-560529,
३९१,बागमती प्रदेश,खैरहनी नगरपालिका,चितवन,http://khairahanimun.gov.np,info@khairahanimun.gov.np,056-582006,
३९२,बागमती प्रदेश,माडी नगरपालिका,चितवन,http://madimunchitwan.gov.np,dms.maddimun@gmail.com,056-501041,
३९३,गण्डकी प्रदेश,चुमनुव्री गाउँपालिका,गोरखा,http://chumanuwrimun.gov.np,chumanuwrimun@gmail.com,9851015492,
३९४,गण्डकी प्रदेश,अजिरकोट गाउँपालिका,गोरखा,http://ajirkotmun.gov.np,ajirkotrm@gmail.com,064-691170,
३९५,गण्डकी प्रदेश,बारपाक सुलिकोट गाउँपालिका,गोरखा,http://barpaksulikotmun.gov.np,barpaksulikotrm@gmail.com,064-691177,
३९६,गण्डकी प्रदेश,धार्चे गाउँपालिका,गोरखा,http://dharchemun.gov.np,info@dharchemun.gov.np,9856041451,
३९७,गण्डकी प्रदेश,आरूघाट गाउँपालिका,गोरखा,http://aarughatmun.gov.np,rm.arughat@gmail.com,064-410044,
३९८,गण्डकी प्रदेश,भिमसेनथापा गाउँपालिका,गोरखा,http://bhimsenthapamun.gov.np,info@bhimsenmun.gov.np,9856010045,
३९९,गण्डकी प्रदेश,सिरानचोक गाउँपालिका,गोरखा,http://siranchowkmun.gov.np,info@siranchowkmun.gov.np,"9856010050,",
४००,गण्डकी प्रदेश,पालुङटार नगरपालिका,गोरखा,http://palungtarmun.gov.np,palungtarmun@gmail.com,064-400053,
४०१,गण्डकी प्रदेश,गोरखा नगरपालिका,गोरखा,http://gorkhamun.gov.np,info@gorkhamun.gov.np,064-420696,
४०२,गण्डकी प्रदेश,शहिद लखन गाउँपालिका,गोरखा,http://shahidlakhanmun.gov.np,info@shahidlakhanmun.gov.np,9856040375,
४०३,गण्डकी प्रदेश,गण्डकी गाउँपालिका,गोरखा,http://gandakimun.gov.np,info@gandakimun.gov.np,064-620062,
४०४,गण्डकी प्रदेश,नार्पा भूमि गाउँपालिका,मनाङ,http://narpabhumimun.gov.np,narpa2018@gmail.com,9843413083,
४०५,गण्डकी प्रदेश,मनाङ ङिस्याङ गाउँपालिका,मनाङ,http://manangngisyangmun.gov.np,manangngisyangrmun@gmail.com,9856049159,
४०६,गण्डकी प्रदेश,चामे गाउँपालिका,मनाङ,http://chamemun.gov.np,info@chamemun.gov.np,066-440262,
४०७,गण्डकी प्रदेश,नासोँ गाउँपालिका,मनाङ,http://nasonmun.gov.np,nashongrm@gmail.com,9856049450,
४०८,गण्डकी प्रदेश,लो-घेकर दामोदरकुण्ड गाउँपालिका,मुस्ताङ,http://loghekardamodarkundamun.gov.np,loghekardamodarkundamun@gmail.com,9857639999,
४०९,गण्डकी प्रदेश,घरपझोङ गाउँपालिका,मुस्ताङ,http://gharapjhongmun.gov.np,info@gharapjhongmun.gov.np,069-440016,
४१०,गण्डकी प्रदेश,वारागुङ मुक्तिक्षेत्र गाउँपालिका,मुस्ताङ,http://varagungmuktichhetramun.gov.np,info@varagungmuktichhetramun.gov.np,069421001,
४११,गण्डकी प्रदेश,लोमन्थाङ गाउँपालिका,मुस्ताङ,http://lomanthangmun.gov.np,lomanthanggaupalika@gmail.com,9857630330,
४१२,गण्डकी प्रदेश,थासाङ गाउँपालिका,मुस्ताङ,http://thasangmun.gov.np,thasangmun@gmail.com,9857650512,
४१३,गण्डकी प्रदेश,अन्नपूर्ण गाउँपालिका,म्याग्दी,http://annapurnamunmyagdi.gov.np,info@annapurnamunmyagdi.gov.np,9857683810,
४१४,गण्डकी प्रदेश,रघुगंगा गाउँपालिका,म्याग्दी,http://raghugangamun.gov.np,raghugangagapa@gmail.com,9851040280,
४१५,गण्डकी प्रदेश,धवलागिरी गाउँपालिका,म्याग्दी,http://dhawalagirimun.gov.np,dhawalagirigapa@gmail.com,9857675987,
४१६,गण्डकी प्रदेश,मालिका गाउँपालिका,म्याग्दी,http://malikamunmyagdi.gov.np,malikamunmyagdi@gmail.com,069420020,
४१७,गण्डकी प्रदेश,मंगला गाउँपालिका,म्याग्दी,http://mangalamun.gov.np,info@mangalamun.gov.np,"9857642642,",
४१८,गण्डकी प्रदेश,बेनी नगरपालिका,म्याग्दी,http://benimun.gov.np,benimunicipality@gmail.com,069-521276,
४१९,गण्डकी प्रदेश,मादी गाउँपालिका,कास्की,http://madimunkaski.gov.np,info@madimunkaski.gov.np,061506403,
४२०,गण्डकी प्रदेश,माछापुछ्रे गाउँपालिका,कास्की,http://machhapuchhremun.gov.np,info@machhapuchhremun.gov.np,9856017310,
४२१,गण्डकी प्रदेश,अन्नपूर्ण गाउँपालिका,कास्की,http://annapurnamunkaski.gov.np,info@annapurnamunkaski.gov.np,061-414101,
४२२,गण्डकी प्रदेश,पोखरा महानगरपालिका,कास्की,http://pokharamun.gov.np,info@pokharamun.gov.np,"061-521105,",
४२३,गण्डकी प्रदेश,रूपा गाउँपालिका,कास्की,http://rupamun.gov.np,ruparumun@gmail.com,9856072101,
४२४,गण्डकी प्रदेश,दोर्दी गाउँपालिका,लमजुङ,http://dordimun.gov.np,dordigaupalika073@gmail.com,9856046264,
४२५,गण्डकी प्रदेश,मर्स्याङदी गाउँपालिका,लमजुङ,http://marsyangdimun.gov.np,info@marsyangdimun.gov.np,066-620023,
४२६,गण्डकी प्रदेश,क्व्होलासोथार गाउँपालिका,लमजुङ,http://kwholasotharmun.gov.np,kwholasotharrmun@gmail.com,9856045819,
४२७,गण्डकी प्रदेश,मध्यनेपाल नगरपालिका,लमजुङ,http://madhyanepalmun.gov.np,madhyanepalmun@gmail.com,"066-410252,410052",
४२८,गण्डकी प्रदेश,बेसीशहर नगरपालिका,लमजुङ,http://besishaharmun.gov.np,besishaharmunicipality@gmail.com,066-520204,
४२९,गण्डकी प्रदेश,सुन्दरबजार नगरपालिका,लमजुङ,http://sundarbazarmun.gov.np,sundarbazarmun@gmail.com,"066-402226,9849320030",
४३०,गण्डकी प्रदेश,राईनास नगरपालिका,लमजुङ,http://rainasmun.gov.np,rainasmunicipality@gmail.com,9856013111,
४३१,गण्डकी प्रदेश,दूधपोखरी गाउँपालिका,लमजुङ,http://dudhpokharimun.gov.np,info@dudhpokharimun.gov.np,9856046357,
४३२,गण्डकी प्रदेश,भानु नगरपालिका,तनहुँ,http://bhanumun.gov.np,bhanumunicipality@gmail.com,9856005111,
४३३,गण्डकी प्रदेश,व्यास नगरपालिका,तनहुँ,http://vyasmun.gov.np,vyasmunicipality@gmail.com,065-560162,
४३४,गण्डकी प्रदेश,म्याग्दे गाउँपालिका,तनहुँ,http://myagdemun.gov.np,myagderumun@gmail.com,065-400116,
४३५,गण्डकी प्रदेश,शुक्लागण्डकी नगरपालिका,तनहुँ,http://shuklagandakimun.gov.np,info@shuklagandakimun.gov.np,065-414305,
४३६,गण्डकी प्रदेश,भिमाद नगरपालिका,तनहुँ,http://bhimadmun.gov.np,info@bhimadmun.gov.np,065-572436,
४३७,गण्डकी प्रदेश,घिरिङ गाउँपालिका,तनहुँ,http://ghiringmun.gov.np,ghiringgaupalika@gmail.com,065-620008,
४३८,गण्डकी प्रदेश,ऋषिङ्ग गाउँपालिका,तनहुँ,http://rishingmun.gov.np,info@rishingmun.gov.np,065-620095,
४३९,गण्डकी प्रदेश,देवघाट गाउँपालिका,तनहुँ,http://devghatmun.gov.np,info@devghatmun.gov.np,056-500072,
४४०,गण्डकी प्रदेश,बन्दिपुर गाउँपालिका,तनहुँ,http://bandipurmun.gov.np,info@bandipurmun.gov.np,065-520123,
४४१,गण्डकी प्रदेश,आँबुखैरेनी गाउँपालिका,तनहुँ,http://aanbookhairenimun.gov.np,info@aanbookhairenimun.gov.np,065-540082,
४४२,गण्डकी प्रदेश,गैंडाकोट नगरपालिका,नवलपरासी (बर्दघाट सुस्ता पूर्व),http://gaindakotmun.gov.np,info@gaindakotmun.gov.np,078-501190,
४४३,गण्डकी प्रदेश,बुलिङटार गाउँपालिका,नवलपरासी (बर्दघाट सुस्ता पूर्व),http://bulingtarmun.gov.np,info@bulingtarmun.gov.np,9857070107,
४४४,गण्डकी प्रदेश,बौदीकाली गाउँपालिका,नवलपरासी (बर्दघाट सुस्ता पूर्व),http://baudikalimun.gov.np,baudikalimun@gmail.com,9857046264,
४४५,गण्डकी प्रदेश,हुप्सेकोट गाउँपालिका,नवलपरासी (बर्दघाट सुस्ता पूर्व),http://hupsekotmun.gov.np,hupsekotrmun@gmail.com,9857087300,
४४६,गण्डकी प्रदेश,देवचुली नगरपालिका,नवलपरासी (बर्दघाट सुस्ता पूर्व),http://devchulimun.gov.np,info@devchulimun.gov.np,078-575010,
४४७,गण्डकी प्रदेश,कावासोती नगरपालिका,नवलपरासी (बर्दघाट सुस्ता पूर्व),http://kawasotimun.gov.np,info@kawasotimun.gov.np,078-540170,
४४८,गण्डकी प्रदेश,मध्यविन्दु नगरपालिका,नवलपरासी (बर्दघाट सुस्ता पूर्व),http://madhyabindumun.gov.np,info@madhyabindumun.gov.np,"078-410125,",
४४९,गण्डकी प्रदेश,बिनयी त्रिवेणी गाउँपालिका,नवलपरासी (बर्दघाट सुस्ता पूर्व),http://binayitribenimun.gov.np,info@binayitribenimun.gov.np,"078-416182,078416185",
४५०,गण्डकी प्रदेश,पुतलीबजार नगरपालिका,स्याङजा,http://putalibazarmun.gov.np,info@putalibazarmun.gov.np,063420409,
४५१,गण्डकी प्रदेश,फेदीखोला गाउँपालिका,स्याङजा,http://phedikholamun.gov.np,phedikhola174@gmail.com,063402073,
४५२,गण्डकी प्रदेश,आँधिखोला गाउँपालिका,स्याङजा,http://aandhikholamun.gov.np,andhikholarm@gmail.com,063-413000,
४५३,गण्डकी प्रदेश,अर्जुनचौपारी गाउँपालिका,स्याङजा,http://arjunchauparimun.gov.np,info@arjunchauparimun.gov.np,063422007,
४५४,गण्डकी प्रदेश,भीरकोट नगरपालिका,स्याङजा,http://bheerkotmun.gov.np,info@bheerkotmun.gov.np,063-400106,
४५५,गण्डकी प्रदेश,बिरुवा गाउँपालिका,स्याङजा,http://biruwamun.gov.np,biruwaruralmun@gmail.com,061-620914,
४५६,गण्डकी प्रदेश,हरिनास गाउँपालिका,स्याङजा,http://harinasmun.gov.np,harinasruralmunicipality@gmail.com,9856036468,
४५७,गण्डकी प्रदेश,चापाकोट नगरपालिका,स्याङजा,http://chapakotmun.gov.np,info@chapakotmun.gov.np,063411080,
४५८,गण्डकी प्रदेश,वालिङ नगरपालिका,स्याङजा,http://walingmun.gov.np,info@walingmun.gov.np,063-440177,
४५९,गण्डकी प्रदेश,गल्याङ नगरपालिका,स्याङजा,http://galyangmun.gov.np,info@galyangmun.gov.np,063-460129,
४६०,गण्डकी प्रदेश,कालीगण्डकी गाउँपालिका,स्याङजा,http://kaligandakimunsyangja.gov.np,kaligandakiruralmunicipality@gmail.com,9856000071,
४६१,गण्डकी प्रदेश,मोदी गाउँपालिका,पर्वत,http://modimun.gov.np,info@modimun.gov.np,067-410164,
४६२,गण्डकी प्रदेश,जलजला गाउँपालिका,पर्वत,http://jaljalamun.gov.np,jaljalamunparbat@gmail.com,"069522002,069522001",
४६३,गण्डकी प्रदेश,कुश्मा नगरपालिका,पर्वत,http://kushmamun.gov.np,info@kushmamun.gov.np,"067-420273,",
४६४,गण्डकी प्रदेश,फलेवास नगरपालिका,पर्वत,http://phalewasmun.gov.np,phalewashnagarpalika@gmail.com,"067-430103,",
४६५,गण्डकी प्रदेश,महाशिला गाउँपालिका,पर्वत,http://mahashilamun.gov.np,mahashilagapa@gmail.com,9857675111,
४६६,गण्डकी प्रदेश,विहादी गाउँपालिका,पर्वत,http://bihadimun.gov.np,bihadi.ruralmun@gmail.com,9857650871,
४६७,गण्डकी प्रदेश,पैयूं गाउँपालिका,पर्वत,http://paiyunmun.gov.np,paiyungapa@gmail.com,067-411101,
४६८,गण्डकी प्रदेश,बाग्लुङ नगरपालिका,बाग्लुङ,http://baglungmun.gov.np,info@baglungmun.gov.np,068-520306,
४६९,गण्डकी प्रदेश,काठेखोला गाउँपालिका,बाग्लुङ,http://kathekholamun.gov.np,kathekholagahunpalika123@gmail.com,9857620694,
४७०,गण्डकी प्रदेश,ताराखोला गाउँपालिका,बाग्लुङ,http://tarakholamun.gov.np,ito.tarakholamun@gmail.com,9857661129,
४७१,गण्डकी प्रदेश,तमानखोला गाउँपालिका,बाग्लुङ,http://tamankholamun.gov.np,info@tamankholamun.gov.np,068620014,
४७२,गण्डकी प्रदेश,ढोरपाटन नगरपालिका,बाग्लुङ,http://dhorpatanmun.gov.np,info@dhorpatanmun.gov.np,068-410180,
४७३,गण्डकी प्रदेश,निसीखोला गाउँपालिका,बाग्लुङ,http://nisikholamun.gov.np,info@nisikholamun.gov.np,9806197511,
४७४,गण्डकी प्रदेश,वडिगाड गाउँपालिका,बाग्लुङ,http://badigadmun.gov.np,badigadruralmunicipality@gmail.com,068-620067,
४७५,गण्डकी प्रदेश,गल्कोट नगरपालिका,बाग्लुङ,http://galkotmun.gov.np,info@galkotmun.gov.np,068412111,
४७६,गण्डकी प्रदेश,वरेङ गाउँपालिका,बाग्लुङ,http://barengmun.gov.np,barengrm@gmail.com,068620178,
४७७,गण्डकी प्रदेश,जैमिनी नगरपालिका,बाग्लुङ,http://jaiminimun.gov.np,jaiminimun@gmail.com,068-421100,
४७८,लुम्बिनी प्रदेश,पुथा उत्तरगंगा गाउँपालिका,रुकुम (पूर्वी भाग),http://puthauttargangamun.gov.np,puthauttargangamun@gmail.com,9857824380,
४७९,लुम्बिनी प्रदेश,सिस्ने गाउँपालिका,रुकुम (पूर्वी भाग),http://sisnemun.gov.np,info@sisnemun.gov.np,088-413064,
४८०,लुम्बिनी प्रदेश,भूमे गाउँपालिका,रुकुम (पूर्वी भाग),http://bhumemun.gov.np,bhumemun@gmail.com,9808502023,
४८१,लुम्बिनी प्रदेश,सुनछहरी गाउँपालिका,रोल्पा,http://sunchhaharimun.gov.np,sunchhaharimun@gmail.com,9841049953,
४८२,लुम्बिनी प्रदेश,थवाङ गाउँपालिका,रोल्पा,http://thabangmun.gov.np,thabangrm58@gmail.com,9857824750,
४८३,लुम्बिनी प्रदेश,परिवर्तन गाउँपालिका,रोल्पा,http://paribartanmun.gov.np,paribartanrmun@gmail.com,9857849001,
४८४,लुम्बिनी प्रदेश,गंगादेव गाउँपालिका,रोल्पा,http://gangadevmun.gov.np,info@gangadevmun.gov.np,"9845570400,9860623617,",
४८५,लुम्बिनी प्रदेश,माडी गाउँपालिका,रोल्पा,http://madimunrolpa.gov.np,madi.rumn73@gmail.com,086-416036,
४८६,लुम्बिनी प्रदेश,त्रिवेणी गाउँपालिका,रोल्पा,http://trivenimunrolpa.gov.np,info@trivenimunrolpa.gov.np,9857824585,
४८७,लुम्बिनी प्रदेश,रोल्पा नगरपालिका,रोल्पा,http://rolpamun.gov.np,rolpanagarpalika@gmail.com,086440071,
४८८,लुम्बिनी प्रदेश,रुन्टीगढी गाउँपालिका,रोल्पा,http://runtigadhimun.gov.np,rrmrolpa@gmail.com,9849628947,
४८९,लुम्बिनी प्रदेश,सुनिल स्मृति गाउँपालिका,रोल्पा,http://sunilsmritimun.gov.np,ito.sunilsmritirm@gmail.com,086-401170,
४९०,लुम्बिनी प्रदेश,लुङग्री गाउँपालिका,रोल्पा,http://lungrimun.gov.np,info@lungrimun.gov.np,9857822312,
४९१,लुम्बिनी प्रदेश,गौमुखी गाउँपालिका,प्यूठान,http://gaumukhimun.gov.np,info@gaumukhimun.gov.np,9857836319,
४९२,लुम्बिनी प्रदेश,नौबहिनी गाउँपालिका,प्यूठान,http://naubahinimun.gov.np,naubahinirm@gmail.com,9857836020,
४९३,लुम्बिनी प्रदेश,झिमरुक गाउँपालिका,प्यूठान,http://jhimrukmun.gov.np,info@jhimrukmun.gov.np,9857836322,
४९४,लुम्बिनी प्रदेश,प्यूठान नगरपालिका,प्यूठान,http://pyuthanmun.gov.np,pyuthannagarpalika@gmail.com,086460291,
४९५,लुम्बिनी प्रदेश,स्वर्गद्वारी नगरपालिका,प्यूठान,http://swargadwarimun.gov.np,info@swargadwarimun.gov.np,086-400117,
४९६,लुम्बिनी प्रदेश,माण्डवी गाउँपालिका,प्यूठान,http://mandavimun.gov.np,info@mandavimun.gov.np,9857836006,
४९७,लुम्बिनी प्रदेश,मल्लरानी गाउँपालिका,प्यूठान,http://mallaranimun.gov.np,info@mallaranimun.gov.np,086-420180,
४९८,लुम्बिनी प्रदेश,ऐरावती गाउँपालिका,प्यूठान,http://airawatimun.gov.np,info@airawatimun.gov.np,977-9857833023,
४९९,लुम्बिनी प्रदेश,सरुमारानी गाउँपालिका,प्यूठान,http://sarumaranimun.gov.np,sarumarani2073@gmail.com,9857836022,
५००,लुम्बिनी प्रदेश,कालीगण्डकी गाउँपालिका,गुल्मी,http://kaligandakimungulmi.gov.np,gulmikaligandaki@gmail.com,9857067925,
५०१,लुम्बिनी प्रदेश,सत्यवती गाउँपालिका,गुल्मी,http://satyawatimun.gov.np,info@satyawatimun.gov.np,079411076,
५०२,लुम्बिनी प्रदेश,चन्द्रकोट गाउँपालिका,गुल्मी,http://chandrakotmun.gov.np,chandrakotrmun@gmail.com,079420003,
५०३,लुम्बिनी प्रदेश,मुसिकोट नगरपालिका,गुल्मी,http://musikotmungulmi.gov.np,musikotmpgulmi@gmail.com,079-412145,
५०४,लुम्बिनी प्रदेश,इस्मा गाउँपालिका,गुल्मी,http://ismamun.gov.np,info@ismamun.gov.np,9857067914,
५०५,लुम्बिनी प्रदेश,मालिका गाउँपालिका,गुल्मी,http://malikamungulmi.gov.np,malikagaupalika@gmail.com,079620075,
५०६,लुम्बिनी प्रदेश,मदाने गाउँपालिका,गुल्मी,http://madanemun.gov.np,gaupalikamadane@gmail.com,9857067509,
५०७,लुम्बिनी प्रदेश,धुर्कोट गाउँपालिका,गुल्मी,http://dhurkotmun.gov.np,dhurkotmun@gmail.com,9857067842,
५०८,लुम्बिनी प्रदेश,रेसुंगा नगरपालिका,गुल्मी,http://resungamun.gov.np,info@resungamun.gov.np,079-520150,
५०९,लुम्बिनी प्रदेश,गुल्मीदरबार गाउँपालिका,गुल्मी,http://gulmidarbarmun.gov.np,info@gulmidarbarmun.gov.np,9857074400,
५१०,लुम्बिनी प्रदेश,छत्रकोट गाउँपालिका,गुल्मी,http://chhatrakotmun.gov.np,info@chhatrakotmun.gov.np,9857067908,
५११,लुम्बिनी प्रदेश,रुरुक्षेत्र गाउँपालिका,गुल्मी,http://rurumun.gov.np,ruralruru@gmail.com,079410104,
५१२,लुम्बिनी प्रदेश,छत्रदेव गाउँपालिका,अर्घाखाँची,http://chhatradevmun.gov.np,info@chhatradevmun.gov.np,077690573,
५१३,लुम्बिनी प्रदेश,मालारानी गाउँपालिका,अर्घाखाँची,http://malaranimun.gov.np,malaraniruralmun@gmail.com,9857061472,
५१४,लुम्बिनी प्रदेश,भुमिकास्थान नगरपालिका,अर्घाखाँची,http://bhumikasthanmun.gov.np,bhumikasthanmunicipality@gmail.com,9843761875,
५१५,लुम्बिनी प्रदेश,सन्धिखर्क नगरपालिका,अर्घाखाँची,http://sandhikharkamun.gov.np,sandhikharkamunicipality@gmail.com,077420662,
५१६,लुम्बिनी प्रदेश,पाणिनी गाउँपालिका,अर्घाखाँची,http://paninimun.gov.np,info@paninimun.gov.np,9857086529,
५१७,लुम्बिनी प्रदेश,शितगंगा नगरपालिका,अर्घाखाँची,http://shitagangamun.gov.np,sitgangamunicipality@gmail.com,9857069822,
५१८,लुम्बिनी प्रदेश,रामपुर नगरपालिका,पाल्पा,http://rampurmun.gov.np,info@rampurmun.gov.np,075-400475,
५१९,लुम्बिनी प्रदेश,पूर्वखोला गाउँपालिका,पाल्पा,http://purbakholamun.gov.np,info@purbakholamun.gov.np,9857068575,
५२०,लुम्बिनी प्रदेश,रम्भा गाउँपालिका,पाल्पा,http://rambhamun.gov.np,info@rambhamun.gov.np,"9867286985,9857068770",
५२१,लुम्बिनी प्रदेश,बगनासकाली गाउँपालिका,पाल्पा,http://baganaskalimun.gov.np,baganaskali.rural@gmail.com,9857060750,
५२२,लुम्बिनी प्रदेश,तानसेन नगरपालिका,पाल्पा,http://tansenmun.gov.np,ito.tansenmun@gmail.com,075-520109,
५२३,लुम्बिनी प्रदेश,रिब्दीकोट गाउँपालिका,पाल्पा,http://ribdikotmun.gov.np,info@ribdikotmun.gov.np,075-692307,
५२४,लुम्बिनी प्रदेश,रैनादेवी छहरा गाउँपालिका,पाल्पा,http://rainadevichhaharamun.gov.np,info@rainadevichhaharamun.gov.np,075691025,
५२५,लुम्बिनी प्रदेश,तिनाउ गाउँपालिका,पाल्पा,http://tinaumun.gov.np,tinaururalmunicipality@gmail.com,075413064,
५२६,लुम्बिनी प्रदेश,माथागढी गाउँपालिका,पाल्पा,http://mathagadhimun.gov.np,mathagadhimun@gmail.com,9857062449,
५२७,लुम्बिनी प्रदेश,निस्दी गाउँपालिका,पाल्पा,http://nisdimun.gov.np,info@nisdimun.gov.np,075620041,
५२८,लुम्बिनी प्रदेश,बर्दघाट नगरपालिका,नवलपरासी (बर्दघाट सुस्ता पश्चिम),http://bardaghatmun.gov.np,info@bardaghatmun.gov.np,078580407,
५२९,लुम्बिनी प्रदेश,सुनवल नगरपालिका,नवलपरासी (बर्दघाट सुस्ता पश्चिम),http://sunwalmun.gov.np,sunwalmunicipality@gmail.com,078570110,
५३०,लुम्बिनी प्रदेश,रामग्राम नगरपालिका,नवलपरासी (बर्दघाट सुस्ता पश्चिम),http://ramgrammun.gov.np,municipalityramgram@gmail.com,078-520684,
५३१,लुम्बिनी प्रदेश,पाल्हीनन्दन गाउँपालिका,नवलपरासी (बर्दघाट सुस्ता पश्चिम),http://palhinandanmun.gov.np,palhinandanrulmun2073@gmail.com,9857046036,
५३२,लुम्बिनी प्रदेश,सरावल गाउँपालिका,नवलपरासी (बर्दघाट सुस्ता पश्चिम),http://sarawalmun.gov.np,info@sarawalmun.gov.np,9857046266,
५३३,लुम्बिनी प्रदेश,प्रतापपुर गाउँपालिका,नवलपरासी (बर्दघाट सुस्ता पश्चिम),http://pratappurmun.gov.np,info@pratappurmun.gov.np,078419095,
५३४,लुम्बिनी प्रदेश,सुस्ता गाउँपालिका,नवलपरासी (बर्दघाट सुस्ता पश्चिम),http://sustamun.gov.np,ito.sustamun@gmail.com,07850600,
५३५,लुम्बिनी प्रदेश,देवदह नगरपालिका,रूपन्देही,http://devdahamun.gov.np,info@devdahamun.gov.np,071-577303,
५३६,लुम्बिनी प्रदेश,बुटवल उप-महानगरपालिका,रूपन्देही,http://butwalmun.gov.np,info@butwalmun.gov.np,071-540035,
५३७,लुम्बिनी प्रदेश,सैनामैना नगरपालिका,रूपन्देही,http://sainamainamun.gov.np,sainamainamunicipality@gmail.com,071-440553,
५३८,लुम्बिनी प्रदेश,कन्चन गाउँपालिका,रूपन्देही,http://kanchanmun.gov.np,kanchangaupalika@gmail.com,9857037915,
५३९,लुम्बिनी प्रदेश,गैडहवा गाउँपालिका,रूपन्देही,http://gaidahawamun.gov.np,gaidahawagaupalika@gmail.com,9857066533,
५४०,लुम्बिनी प्रदेश,शुद्धोधन गाउँपालिका,रूपन्देही,http://shuddhodhanmunrupandehi.gov.np,info@shuddhodhanmunrupandehi.gov.np,071-423040,
५४१,लुम्बिनी प्रदेश,सियारी गाउँपालिका,रूपन्देही,http://siyarimun.gov.np,siyarimun@gmail.com,9857016119,
५४२,लुम्बिनी प्रदेश,तिलोत्तमा नगरपालिका,रूपन्देही,http://tilottamamun.gov.np,tilottamamun@gmail.com,071-562979,
५४३,लुम्बिनी प्रदेश,ओमसतिया गाउँपालिका,रूपन्देही,http://omsatiyamun.gov.np,omsatiyamun@gmail.com,9857017610,
५४४,लुम्बिनी प्रदेश,रोहिणी गाउँपालिका,रूपन्देही,http://rohinimun.gov.np,rohinigaupalika1@gmail.com,071-411047,
५४५,लुम्बिनी प्रदेश,सिद्धार्थनगर नगरपालिका,रूपन्देही,http://siddharthanagarmun.gov.np,info@siddharthanagarmun.gov.np,071-520292,
५४६,लुम्बिनी प्रदेश,मायादेवी गाउँपालिका,रूपन्देही,http://mayadevimunrupandehi.gov.np,mayadeviruralmun@gmail.com,71507077,
५४७,लुम्बिनी प्रदेश,लुम्विनी सांस्कृतिक नगरपालिका,रूपन्देही,http://lumbinisanskritikmun.gov.np,lumbiniculturalmunicipality@gmail.com,071-580305,
५४८,लुम्बिनी प्रदेश,कोटहीमाई गाउँपालिका,रूपन्देही,http://kotahimaimun.gov.np,kotahimaimun@gmail.com,071-401024,
५४९,लुम्बिनी प्रदेश,सम्मरीमाई गाउँपालिका,रूपन्देही,http://sammarimaimun.gov.np,sammarimairm@gmail.com,9857016956,
५५०,लुम्बिनी प्रदेश,मर्चवारी गाउँपालिका,रूपन्देही,http://marchawarimun.gov.np,marchawari2073@gmail.com,9857016993,
५५१,लुम्बिनी प्रदेश,बाणगंगा नगरपालिका,कपिलबस्तु,http://bangangamun.gov.np,bangangamun@gmail.com,076-550383,
५५२,लुम्बिनी प्रदेश,बुद्धभुमी नगरपालिका,कपिलबस्तु,http://buddhabhumimun.gov.np,buddhabhumi.mun@gmail.com,9857088011,
५५३,लुम्बिनी प्रदेश,शिवराज नगरपालिका,कपिलबस्तु,http://shivrajmun.gov.np,shivrajmunicipality@gmail.com,076-540147,
५५४,लुम्बिनी प्रदेश,विजयनगर गाउँपालिका,कपिलबस्तु,http://bijaynagarmun.gov.np,info@bijaynagarmun.gov.np,16607652001,
५५५,लुम्बिनी प्रदेश,कृष्णनगर नगरपालिका,कपिलबस्तु,http://krishnanagarmun.gov.np,munkrishnanagar@gmail.com,076-520147,
५५६,लुम्बिनी प्रदेश,महाराजगञ्ज नगरपालिका,कपिलबस्तु,http://maharajgunjmun.gov.np,napamaharajgunj2073@gmail.com,076-400035,
५५७,लुम्बिनी प्रदेश,कपिलवस्तु नगरपालिका,कपिलबस्तु,http://kapilvastumun.gov.np,kapilvastumun.gov@gmail.com,076-560201,
५५८,लुम्बिनी प्रदेश,यसोधरा गाउँपालिका,कपिलबस्तु,http://yasodharamun.gov.np,info@yasodharamun.gov.np,9857051843,
५५९,लुम्बिनी प्रदेश,मायादेवी गाउँपालिका,कपिलबस्तु,http://mayadevimunkapilvastu.gov.np,mayadevirm@gmail.com,"9851125450,",
५६०,लुम्बिनी प्रदेश,शुद्धोधन गाउँपालिका,कपिलबस्तु,http://shuddhodhanmunkapilvastu.gov.np,shuddhodhankpil38@gmail.com,9857052101,
५६१,लुम्बिनी प्रदेश,बंगलाचुली गाउँपालिका,दाङ,http://bangalachulimun.gov.np,banglachulirmun@gmail.com,9857835216,
५६२,लुम्बिनी प्रदेश,घोराही उप-महानगरपालिका,दाङ,http://ghorahimun.gov.np,info@ghorahimun.gov.np,082560700,
५६३,लुम्बिनी प्रदेश,तुल्सीपुर उप-महानगरपालिका,दाङ,http://tulsipurmun.gov.np,tulsipursubmun2073@gmail.com,082-520326,
५६४,लुम्बिनी प्रदेश,शान्तिनगर गाउँपालिका,दाङ,http://shantinagarmun.gov.np,shantinagargaupalika@gmail.com,9857825211,
५६५,लुम्बिनी प्रदेश,बबई गाउँपालिका,दाङ,http://babaimun.gov.np,info@babaimun.gov.np,9857825650,
५६६,लुम्बिनी प्रदेश,दंगीशरण गाउँपालिका,दाङ,http://dangisharanmun.gov.np,ito.dangisharanmun@gmail.com,9857831564,
५६७,लुम्बिनी प्रदेश,लमही नगरपालिका,दाङ,http://lamahimun.gov.np,lamahinapa@gmail.com,082-540850,
५६८,लुम्बिनी प्रदेश,राप्ती गाउँपालिका,दाङ,http://raptimundang.gov.np,raptiruralmunicipality@gmail.com,082-413077,
५६९,लुम्बिनी प्रदेश,गढवा गाउँपालिका,दाङ,http://gadhawamun.gov.np,info@gadhawamun.gov.np,082-410004,
५७०,लुम्बिनी प्रदेश,राजपुर गाउँपालिका,दाङ,http://rajpurmundang.gov.np,rajpurmun@gmail.com,9857835240,
५७१,लुम्बिनी प्रदेश,राप्तीसोनारी गाउँपालिका,बाँके,http://raptisonarimun.gov.np,info@raptisonarimun.gov.np,9858060145,
५७२,लुम्बिनी प्रदेश,कोहलपुर नगरपालिका,बाँके,http://kohalpurmun.gov.np,info@kohalpurmun.gov.np,081-540009,
५७३,लुम्बिनी प्रदेश,बैजनाथ गाउँपालिका,बाँके,http://baijanathmun.gov.np,baijanathrumun@gmail.com,9858024336,
५७४,लुम्बिनी प्रदेश,खजुरा गाउँपालिका,बाँके,http://khajuramun.gov.np,info@khajuramun.gov.np,081-560187,
५७५,लुम्बिनी प्रदेश,जानकी गाउँपालिका,बाँके,http://janakimunbanke.gov.np,info@janakimunbanke.gov.np,9858027040,
५७६,लुम्बिनी प्रदेश,नेपालगञ्ज उप-महानगरपालिका,बाँके,http://nepalgunjmun.gov.np,info@nepalgunjmun.gov.np,081-520338,
५७७,लुम्बिनी प्रदेश,डुडुवा गाउँपालिका,बाँके,http://duduwamun.gov.np,duduwagaupalika@gmail.com,9844851069,
५७८,लुम्बिनी प्रदेश,नरैनापुर गाउँपालिका,बाँके,http://narainapurmun.gov.np,info@narainapurmun.gov.np,081525050,
५७९,लुम्बिनी प्रदेश,बाँसगढी नगरपालिका,बर्दिया,http://bansgadhimun.gov.np,info@bansgadhimun.gov.np,16608442002,
५८०,लुम्बिनी प्रदेश,बारबर्दिया नगरपालिका,बर्दिया,http://barbardiyamun.gov.np,barbardiyamun@gmail.com,084-404107,
५८१,लुम्बिनी प्रदेश,ठाकुरबाबा नगरपालिका,बर्दिया,http://thakurbabamun.gov.np,thakurbabamun@gmail.com,084-403196,
५८२,लुम्बिनी प्रदेश,गेरुवा गाउँपालिका,बर्दिया,http://geruwamun.gov.np,info@geruwamun.gov.np,9858090441,
५८३,लुम्बिनी प्रदेश,राजापुर नगरपालिका,बर्दिया,http://rajapurmun.gov.np,rajapurmun@gmail.com,084-460167,
५८४,लुम्बिनी प्रदेश,मधुवन नगरपालिका,बर्दिया,http://madhuwanmun.gov.np,madhuwanmun@gmail.com,084-440111,
५८५,लुम्बिनी प्रदेश,गुलरिया नगरपालिका,बर्दिया,http://gulariyamun.gov.np,gnpk.bardiya@gmail.com,084-420412,
५८६,लुम्बिनी प्रदेश,बढैयाताल गाउँपालिका,बर्दिया,http://badhaiyatalmun.gov.np,info@badhaiyatalmun.gov.np,084-401077,
५८७,कर्णाली प्रदेश,डोल्पो बुद्ध गाउँपालिका,डोल्पा,http://dolpobuddhamun.gov.np,info@dolpobuddhamun.gov.np,087550046,
५८८,कर्णाली प्रदेश,शे फोक्सुन्डो गाउँपालिका,डोल्पा,http://shephoksundomun.gov.np,ito.shephoksundomun1@gmail.com,087-550162,
५८९,कर्णाली प्रदेश,जगदुल्ला गाउँपालिका,डोल्पा,http://jagdullamun.gov.np,info@jagdullamun.gov.np,9858320620,
५९०,कर्णाली प्रदेश,मुड्केचुला गाउँपालिका,डोल्पा,http://mudkechulamun.gov.np,info@mudkechulamun.gov.np,9858390100,
५९१,कर्णाली प्रदेश,त्रिपुरासुन्दरी नगरपालिका,डोल्पा,http://tripurasundarimundolpa.gov.np,info@tripurasundarimundolpa.gov.np,994870138,
५९२,कर्णाली प्रदेश,ठूलीभेरी नगरपालिका,डोल्पा,http://thulibherimun.gov.np,ito.thulibherimun@gmail.com,"087-551013,551014",
५९३,कर्णाली प्रदेश,काईके गाउँपालिका,डोल्पा,http://kaikemun.gov.np,ito.kaikemun@gmail.com,9848293602,
५९४,कर्णाली प्रदेश,छार्का ताङसोङ गाउँपालिका,डोल्पा,http://chharkatangsongmun.gov.np,ito.chharkatangsong.gov.np@gmail.com,087550063,
५९५,कर्णाली प्रदेश,मुगुमकार्मारोंग गाउँपालिका,मुगु,http://mugumkarmarongmun.gov.np,info@mugumkarmarongmun.gov.np,9858322727,
५९६,कर्णाली प्रदेश,छायाँनाथ रारा नगरपालिका,मुगु,http://chhayanathraramun.gov.np,info@chhayanathraramun.gov.np,087460252,
५९७,कर्णाली प्रदेश,सोरु गाउँपालिका,मुगु,http://sorumun.gov.np,ito.sorumun@gmail.com,087-460081,
५९८,कर्णाली प्रदेश,खत्याड गाउँपालिका,मुगु,http://khatyadmun.gov.np,info@khatyadmun.gov.np,994870008,
५९९,कर्णाली प्रदेश,चंखेली गाउँपालिका,हुम्ला,http://chankhelimun.gov.np,info@chankhelimun.gov.np,9864954443,
६००,कर्णाली प्रदेश,खार्पुनाथ गाउँपालिका,हुम्ला,http://kharpunathmun.gov.np,info@kharpunathmun.gov.np,9860759767,
६०१,कर्णाली प्रदेश,सिमकोट गाउँपालिका,हुम्ला,http://simkotmun.gov.np,info@simkotmun.gov.np,087-680094,
६०२,कर्णाली प्रदेश,नाम्खा गाउँपालिका,हुम्ला,http://namkhamun.gov.np,info@namkhamun.gov.np,087680280,
६०३,कर्णाली प्रदेश,सर्केगाड गाउँपालिका,हुम्ला,http://sarkegadmun.gov.np,sarkegadmun.ito@gmail.com,9867941411,
६०४,कर्णाली प्रदेश,अदानचुली गाउँपालिका,हुम्ला,http://adanchulimun.gov.np,info@adanchulimun.gov.np,9851078736,
६०५,कर्णाली प्रदेश,ताँजाकोट गाउँपालिका,हुम्ला,http://tajakotmun.gov.np,ito.tajakotmun@gmail.com,9851119292,
६०६,कर्णाली प्रदेश,पातारासी गाउँपालिका,जुम्ला,http://patarasimun.gov.np,info@patarasimun.gov.np,9758901232,
६०७,कर्णाली प्रदेश,कनकासुन्दरी गाउँपालिका,जुम्ला,http://kankasundarimun.gov.np,ito.kankasundarimun@gmail.com,00,
६०८,कर्णाली प्रदेश,सिंजा गाउँपालिका,जुम्ला,http://sinjamun.gov.np,info@sinjamun.gov.np,9858322010,
६०९,कर्णाली प्रदेश,चन्दननाथ नगरपालिका,जुम्ला,http://chandannathmun.gov.np,info@chandannathmun.gov.np,087-520011,
६१०,कर्णाली प्रदेश,गुठिचौर गाउँपालिका,जुम्ला,http://guthichaurmun.gov.np,info@guthichaurmun.gov.np,9858390150,
६११,कर्णाली प्रदेश,तातोपानी गाउँपालिका,जुम्ला,http://tatopanimun.gov.np,info@tatopanimun.gov.np,9849337712,
६१२,कर्णाली प्रदेश,तिला गाउँपालिका,जुम्ला,http://tilamun.gov.np,info@tilamun.gov.np,9858391267,
६१३,कर्णाली प्रदेश,हिमा गाउँपालिका,जुम्ला,http://himamun.gov.np,ito.himamun@gmail.com,9858320711,
६१४,कर्णाली प्रदेश,पलाता गाउँपालिका,कालिकोट,http://palatamun.gov.np,ito.palatamun@gmail.com,9858322532,
६१५,कर्णाली प्रदेश,पचालझरना गाउँपलिका,कालिकोट,http://pachaljharanamun.gov.np,ito.pachaljharanamun@gmail.com,9858322071,
६१६,कर्णाली प्रदेश,रास्कोट नगरपालिका,कालिकोट,http://raskotmun.gov.np,info@raskotmun.gov.np,9858022456,
६१७,कर्णाली प्रदेश,सान्नी त्रिवेणी गाउँपालिका,कालिकोट,http://sannitrivenimun.gov.np,ito.strm@gmail.com,9858320136,
६१८,कर्णाली प्रदेश,नरहरिनाथ गाउँपालिका,कालिकोट,http://narharinathmun.gov.np,naraharinathgapa@gmail.com,9748145401,
६१९,कर्णाली प्रदेश,खाँडाचक्र नगरपालिका,कालिकोट,http://khandachakramun.gov.np,info@khandachakramun.gov.np,9844843082,
६२०,कर्णाली प्रदेश,तिलागुफा नगरपालिका,कालिकोट,http://tilagufamun.gov.np,tilagufamun@gmail.com,9858320054,
६२१,कर्णाली प्रदेश,महावै गाउँपालिका,कालिकोट,http://mahawaimun.gov.np,mahawaimun@gmail.com,9858050537,
६२२,कर्णाली प्रदेश,शुभ कालिका गाउँपालिका,कालिकोट,http://kalikamunkalikot.gov.np,ito.kalikamunkalikot@gmail.com,"9851204935,",
६२३,कर्णाली प्रदेश,नौमुले गाउँपालिका,दैलेख,http://naumulemun.gov.np,naumulegapa@gmail.com,9815443666,
६२४,कर्णाली प्रदेश,महाबु गाउँपालिका,दैलेख,http://mahabumun.gov.np,info@mahabumun.gov.np,9824522103,
६२५,कर्णाली प्रदेश,भैरवी गाउँपालिका,दैलेख,http://bhairabimun.gov.np,bhairabirm@gmail.com,9858068268,
६२६,कर्णाली प्रदेश,ठाँटीकाँध गाउँपालिका,दैलेख,http://thantikandhmun.gov.np,thatikandh.rmp@gmail.com,9848269325,
६२७,कर्णाली प्रदेश,आठबीस नगरपालिका,दैलेख,http://aathabismun.gov.np,aathabismun@gmail.com,089-690475,
६२८,कर्णाली प्रदेश,चामुण्डा बिन्द्रासैनी नगरपालिका,दैलेख,http://chamundabindrasainimun.gov.np,ito.chamundabindrasainimun@gmail.com,9858038178,
६२९,कर्णाली प्रदेश,दुल्लु नगरपालिका,दैलेख,http://dullumun.gov.np,dullumun@gmail.com,089-411038,
६३०,कर्णाली प्रदेश,नारायण नगरपालिका,दैलेख,http://narayanmun.gov.np,ito.narayanmun@gmail.com,089-410201,
६३१,कर्णाली प्रदेश,भगवतीमाई गाउँपालिका,दैलेख,http://bhagawatimaimun.gov.np,rmp.bhagawatimai@gmail.com,9858020799,
६३२,कर्णाली प्रदेश,डुंगेश्वर गाउँपालिका,दैलेख,http://dungeshwormun.gov.np,info@dungeshwormun.gov.np,9858039724,
६३३,कर्णाली प्रदेश,गुराँस गाउँपालिका,दैलेख,http://guransmun.gov.np,gurans.rmp@gmail.com,089-690612,
६३४,कर्णाली प्रदेश,बारेकोट गाउँपालिका,जाजरकोट,http://barekotmun.gov.np,barekotrm@gmail.com,9758003078,
६३५,कर्णाली प्रदेश,कुसे गाउँपालिका,जाजरकोट,http://kushemun.gov.np,info@kushemun.gov.np,081-695060,
६३६,कर्णाली प्रदेश,जुनीचाँदे गाउँपालिका,जाजरकोट,http://junichaandemun.gov.np,junichanderuralmun@gmail.com,9868246633,
६३७,कर्णाली प्रदेश,छेडागाड नगरपालिका,जाजरकोट,http://chhedagadmun.gov.np,info@chhedagadmun.gov.np,9848384084,
६३८,कर्णाली प्रदेश,शिवालय गाउँपालिका,जाजरकोट,http://shibalayamun.gov.np,info@shibalayamun.gov.np,9758007587,
६३९,कर्णाली प्रदेश,भेरी नगरपालिका,जाजरकोट,http://bherimun.gov.np,bherimun@gmail.com,089-430002,
६४०,कर्णाली प्रदेश,नलगाड नगरपालिका,जाजरकोट,http://nalgaadmun.gov.np,ito.nalgaadmun@gmail.com,9758003502,
६४१,कर्णाली प्रदेश,आठबिसकोट नगरपालिका,रुकुम (पश्चिम भाग),http://aathbiskotmun.gov.np,aathbiskotmun073@gmail.com,9748583138,
६४२,कर्णाली प्रदेश,सानीभेरी गाउँपालिका,रुकुम (पश्चिम भाग),http://sanibherimun.gov.np,sanibherimun@gmail.com,9857824253,
६४३,कर्णाली प्रदेश,बाँफिकोट गाउँपालिका,रुकुम (पश्चिम भाग),http://banphikotmun.gov.np,ito.banphikotmun@gmail.com,9822866939,
६४४,कर्णाली प्रदेश,मुसिकोट नगरपालिका,रुकुम (पश्चिम भाग),http://musikotmun.gov.np,info@musikotmun.gov.np,088-530261,
६४५,कर्णाली प्रदेश,त्रिवेणी गाउँपालिका,रुकुम (पश्चिम भाग),http://trivenimunrukum.gov.np,tribenigp@gmail.com,9801925763,
६४६,कर्णाली प्रदेश,चौरजहारी नगरपालिका,रुकुम (पश्चिम भाग),http://chaurjaharimun.gov.np,ito.chaurjaharimun@gmail.com,088401146,
६४७,कर्णाली प्रदेश,दार्मा गाउँपालिका,सल्यान,http://darmamun.gov.np,info@darmamun.gov.np,"9847813131,",
६४८,कर्णाली प्रदेश,कुमाख गाउँपालिका,सल्यान,http://kumakhmalikamun.gov.np,ito.kumakh2073@gmail.com,9857844899,
६४९,कर्णाली प्रदेश,बनगाँड कुपिण्डे नगरपालिका,सल्यान,http://bangadkupindemun.gov.np,info.bangadkupindemun@gmail.com,088-411060,
६५०,कर्णाली प्रदेश,सिद्ध कुमाख गाउँपालिका,सल्यान,http://siddhakumakhmun.gov.np,info@siddhakumakhmun.gov.np,9857855004,
६५१,कर्णाली प्रदेश,बागचौर नगरपालिका,सल्यान,http://bagchaurmun.gov.np,info@bagchaurmun.gov.np,088-412035,
६५२,कर्णाली प्रदेश,छत्रेश्वरी गाउँपालिका,सल्यान,http://chhatreshworimun.gov.np,chhatreshworimun@gmail.com,9857844412,
६५३,कर्णाली प्रदेश,शारदा नगरपालिका,सल्यान,http://shaaradamun.gov.np,info@shaaradamun.gov.np,088-520438,
६५४,कर्णाली प्रदेश,कालिमाटी गाउँपालिका,सल्यान,http://kalimatimun.gov.np,info@kalimatimun.gov.np,9857844300,
६५५,कर्णाली प्रदेश,त्रिवेणी गाउँपालिका,सल्यान,http://trivenimunsalyan.gov.np,ito.trivenimunsalyan@gmail.com,9857844603,
६५६,कर्णाली प्रदेश,कपुरकोट गाउँपालिका,सल्यान,http://kapurkotmun.gov.np,kapurkotruralmun073@gmail.com,088410069,
६५७,कर्णाली प्रदेश,सिम्ता गाउँपालिका,सुर्खेत,http://simtamun.gov.np,simtagaupalikaskt@gmail.com,9858077500,
६५८,कर्णाली प्रदेश,चिङ्गाड गाउँपालिका,सुर्खेत,http://chingadmun.gov.np,chingadgaunpalika@gmail.com,9848025584,
६५९,कर्णाली प्रदेश,लेकबेसी नगरपालिका,सुर्खेत,http://lekbeshimun.gov.np,info@lekbeshimun.gov.np,9848050228,
६६०,कर्णाली प्रदेश,गुर्भाकोट नगरपालिका,सुर्खेत,http://gurbhakotmun.gov.np,info@gurbhakotmun.gov.np,083-410071,
६६१,कर्णाली प्रदेश,भेरीगंगा नगरपालिका,सुर्खेत,http://bherigangamun.gov.np,info@bherigangamun.gov.np,083-540154,
६६२,कर्णाली प्रदेश,बीरेन्द्रनगर नगरपालिका,सुर्खेत,http://birendranagarmun.gov.np,info@birendranagarmun.gov.np,083-520128,
६६३,कर्णाली प्रदेश,बराहताल गाउँपालिका,सुर्खेत,http://barahatalmun.gov.np,ito.barahatalmun@gmail.com,9858067444,
६६४,कर्णाली प्रदेश,पञ्चपुरी नगरपालिका,सुर्खेत,http://panchapurimun.gov.np,info@panchapurimun.gov.np,083-416067,
६६५,कर्णाली प्रदेश,चौकुने गाउँपालिका,सुर्खेत,http://chaukunemun.gov.np,chaukunegapa@gmail.com,9858047333,
६६६,सुदूरपश्चिम प्रदेश,हिमाली गाउँपालिका,बाजुरा,http://himalimun.gov.np,info@himalimun.gov.np,9858021521,
६६७,सुदूरपश्चिम प्रदेश,गौमुल गाउँपालिका,बाजुरा,http://gaumulmun.gov.np,ito.gaumulmun@gmail.com,9848472929,
६६८,सुदूरपश्चिम प्रदेश,बुढीनन्दा नगरपालिका,बाजुरा,http://budhinandamun.gov.np,info@budhinandamun.gov.np,097-501094,
६६९,सुदूरपश्चिम प्रदेश,स्वामीकार्तिक खापर गाउँपालिका,बाजुरा,http://swamikartikmun.gov.np,info@swamikartikmun.gov.np,9849483021,
६७०,सुदूरपश्चिम प्रदेश,जगन्नाथ गाउँपालिका,बाजुरा,http://jagganathmun.gov.np,info@jagganathmun.gov.np,9749011330,
६७१,सुदूरपश्चिम प्रदेश,बडिमालिका नगरपालिका,बाजुरा,http://badimalikamun.gov.np,info@badimalikamun.gov.np,097-541067,
६७२,सुदूरपश्चिम प्रदेश,खप्तड छेडेदह गाउँपालिका,बाजुरा,http://chhededahamun.gov.np,icto.chhededaha@gmail.com,096-690801,
६७३,सुदूरपश्चिम प्रदेश,बुढीगंगा नगरपालिका,बाजुरा,http://budhigangamunbajura.gov.np,info@budhigangamunbajura.gov.np,9858422845,
६७४,सुदूरपश्चिम प्रदेश,त्रिवेणी नगरपालिका,बाजुरा,http://trivenimunbajura.gov.np,ito.trivenimun@gmail.com,986196599,
६७५,सुदूरपश्चिम प्रदेश,साईपाल गाउँपालिका,बझाङ,http://kandamun.gov.np,ito.saipalmun@gmail.com,9846588050,
६७६,सुदूरपश्चिम प्रदेश,बुंगल नगरपालिका,बझाङ,http://bungalmun.gov.np,info@bungalmun.gov.np,9749125805,
६७७,सुदूरपश्चिम प्रदेश,सूर्मा गाउँपालिका,बझाङ,http://surmamun.gov.np,info@surmamun.gov.np,9848436805,
६७८,सुदूरपश्चिम प्रदेश,तालकोट गाँउपालिका,बझाङ,http://talkotmun.gov.np,ito.muntalkot@gmail.com,9858420845,
६७९,सुदूरपश्चिम प्रदेश,मष्टा गाउँपालिका,बझाङ,http://mastamun.gov.np,ito.mastamun@gmail.com,9800669821,
६८०,सुदूरपश्चिम प्रदेश,जयपृथ्वी नगरपालिका,बझाङ,http://jayaprithvimun.gov.np,info@jayaprithvimun.gov.np,092421508,
६८१,सुदूरपश्चिम प्रदेश,छबिसपाथिभेरा गाउँपालिका,बझाङ,http://chhabispathiveramun.gov.np,info@chhabispathiveramun.gov.np,9863100017,
६८२,सुदूरपश्चिम प्रदेश,दुर्गाथली गाउँपालिका,बझाङ,http://durgathalimun.gov.np,durgathalimun23@gmail.com,9858485620,
६८३,सुदूरपश्चिम प्रदेश,केदारस्युँ गाउँपालिका,बझाङ,http://kedarasyumun.gov.np,kedarasyumun@gmail.com,9867875898,
६८४,सुदूरपश्चिम प्रदेश,वित्थडचिर गाउँपालिका,बझाङ,http://bitthadchirmun.gov.np,bitthadchirmun@gmail.com,९८५८४८८०७९,
६८५,सुदूरपश्चिम प्रदेश,थलारा गाउँपालिका,बझाङ,http://thalaramun.gov.np,thalaramun@gmail.com,9840927341,
६८६,सुदूरपश्चिम प्रदेश,खप्तडछान्ना गाउँपालिका,बझाङ,http://khaptadchhannamun.gov.np,info@khaptadchhannamun.gov.np,9840870805,
६८७,सुदूरपश्चिम प्रदेश,व्याँस गाउँपालिका,दार्चुला,http://vyansmun.gov.np,info@vyansmun.gov.np,9848727776,
६८८,सुदूरपश्चिम प्रदेश,दुहुँ गाउँपालिका,दार्चुला,http://duhunmun.gov.np,info@duhunmun.gov.np,9749503450,
६८९,सुदूरपश्चिम प्रदेश,महाकाली नगरपालिका,दार्चुला,http://mahakalimun.gov.np,info@mahakalimun.gov.np,093-420137,
६९०,सुदूरपश्चिम प्रदेश,नौगाड गाउँपालिका,दार्चुला,http://naugadmun.gov.np,info@naugadmun.gov.np,9759500976,
६९१,सुदूरपश्चिम प्रदेश,अपिहिमाल गाउँपालिका,दार्चुला,http://apihimalmun.gov.np,info@apihimalmun.gov.np,9858775037,
६९२,सुदूरपश्चिम प्रदेश,मार्मा गाउँपालिका,दार्चुला,http://marmamun.gov.np,info@marmamun.gov.np,9759503773,
६९३,सुदूरपश्चिम प्रदेश,शैल्यशिखर नगरपालिका,दार्चुला,http://shailyashikharmun.gov.np,shailyashikhar.gov@gmail.com,093-400086,
६९४,सुदूरपश्चिम प्रदेश,मालिकार्जुन गाउँपालिका,दार्चुला,http://malikarjunmun.gov.np,info@malikarjunmun.gov.np,9865959610,
६९५,सुदूरपश्चिम प्रदेश,लेकम गाउँपालिका,दार्चुला,http://lekammun.gov.np,info@lekammun.gov.np,9865851720,
६९६,सुदूरपश्चिम प्रदेश,डीलासैनी गाउँपालिका,बैतडी,http://dilasainimun.gov.np,drmbaitadi@gmail.com,9858750342,
६९७,सुदूरपश्चिम प्रदेश,दोगडाकेदार गाउँपालिका,बैतडी,http://dogdakedarmun.gov.np,info@dogdakedarmun.gov.np,9858781100,
६९८,सुदूरपश्चिम प्रदेश,पुर्चौडी नगरपालिका,बैतडी,http://purchaudimun.gov.np,ito.purchaundi@gmail.com,096690803,
६९९,सुदूरपश्चिम प्रदेश,सुर्नया गाउँपालिका,बैतडी,http://sunaryamun.gov.np,surnayagaupalika@gmail.com,9848807814,
७००,सुदूरपश्चिम प्रदेश,दशरथचन्द नगरपालिका,बैतडी,http://dasharathchandmun.gov.np,dnpbaitadi@gmail.com,095-52171,
७०१,सुदूरपश्चिम प्रदेश,पंचेश्वर गाउँपालिका,बैतडी,http://pancheshwormun.gov.np,ito.pancheshwormun@gmail.com,9858784000,
७०२,सुदूरपश्चिम प्रदेश,शिवनाथ गाउँपालिका,बैतडी,http://shivanathmun.gov.np,ito.shivanathmun@gmail.com,9851196226,
७०३,सुदूरपश्चिम प्रदेश,मेलौली नगरपालिका,बैतडी,http://melaulimun.gov.np,info@melaulimun.gov.np,9858783940,
७०४,सुदूरपश्चिम प्रदेश,पाटन नगरपालिका,बैतडी,http://patanmun.gov.np,ptnmun@gmail.com,095-400057,
७०५,सुदूरपश्चिम प्रदेश,सिगास गाउँपालिका,बैतडी,http://sigasmun.gov.np,sigasmun@gmail.com,9848891655,
७०६,सुदूरपश्चिम प्रदेश,नवदुर्गा गाउँपालिका,डडेल्धुरा,http://navadurgamun.gov.np,nawadurgaruralmun@gmail.com,9858751435,
७०७,सुदूरपश्चिम प्रदेश,अमरगढी नगरपालिका,डडेल्धुरा,http://amargadhimun.gov.np,info@amargadhimun.gov.np,096-410222,
७०८,सुदूरपश्चिम प्रदेश,अजयमेरु गाउँपालिका,डडेल्धुरा,http://ajayamerumun.gov.np,ajayamerugaupalika@gmail.com,9858750226,
७०९,सुदूरपश्चिम प्रदेश,भागेश्वर गाउँपालिका,डडेल्धुरा,http://bhageshwormun.gov.np,ito.bhageshwormun@gmail.com,9848733847,
७१०,सुदूरपश्चिम प्रदेश,परशुराम नगरपालिका,डडेल्धुरा,http://parshurammun.gov.np,parshurammun@gmail.com,096-411004,
७११,सुदूरपश्चिम प्रदेश,आलिताल गाउँपालिका,डडेल्धुरा,http://aalitalmun.gov.np,info@aalitalmun.gov.np,091693962,
७१२,सुदूरपश्चिम प्रदेश,गन्यापधुरा गाउँपालिका,डडेल्धुरा,http://ganyapadhuramun.gov.np,ganapdhurarm@gmail.com,9858788707,
७१३,सुदूरपश्चिम प्रदेश,पूर्वीचौकी गाउँपालिका,डोटी,http://purbichaukimun.gov.np,info@purbichaukimun.gov.np,9858440239,
७१४,सुदूरपश्चिम प्रदेश,सायल गाउँपालिका,डोटी,http://sayalmun.gov.np,sayal.doti@gmail.com,9858444666,
७१५,सुदूरपश्चिम प्रदेश,आदर्श गाउँपालिका,डोटी,http://aadarshamun.gov.np,aadarshmun@gmail.com,9848431638,
७१६,सुदूरपश्चिम प्रदेश,शिखर नगरपालिका,डोटी,http://shikharmun.gov.np,shikharmunicipality@gmail.com,9858485777,
७१७,सुदूरपश्चिम प्रदेश,दिपायल सिलगढी नगरपालिका,डोटी,http://dipayalsilgadhimun.gov.np,info@dipayalsilgadhimun.gov.np,094-420297,
७१८,सुदूरपश्चिम प्रदेश,के.आई.सिंह गाउँपालिका,डोटी,http://kisinghmun.gov.np,kisingh.rm@gmail.com,9859005300,
७१९,सुदूरपश्चिम प्रदेश,बोगटान फुड्सिल गाउँपालिका,डोटी,http://bogatanmun.gov.np,info@bogatanmun.gov.np,9865746187,
७२०,सुदूरपश्चिम प्रदेश,बडीकेदार गाउँपालिका,डोटी,http://badikedarmun.gov.np,doti.badikedar@gmail.com,9858428000,
७२१,सुदूरपश्चिम प्रदेश,जोरायल गाउँपालिका,डोटी,http://jorayalmun.gov.np,info@jorayalmun.gov.np,9749118051,
७२२,सुदूरपश्चिम प्रदेश,पंचदेवल विनायक नगरपालिका,अछाम,http://panchadewalbinayakmun.gov.np,info@panchadewalbinayakmun.gov.np,097-500003,
७२३,सुदूरपश्चिम प्रदेश,रामारोशन गाउँपालिका,अछाम,http://ramaroshanmun.gov.np,icto.ramaroshanmun@gmail.com,097-620270,
७२४,सुदूरपश्चिम प्रदेश,मेल्लेख गाउँपालिका,अछाम,http://mellekhmun.gov.np,info@mellekhmun.gov.np,9858426090,
७२५,सुदूरपश्चिम प्रदेश,साँफेवगर नगरपालिका,अछाम,http://sanfebagarmun.gov.np,sanfebagarmun@gmail.com,097-625180,
७२६,सुदूरपश्चिम प्रदेश,चौरपाटी गाउँपालिका,अछाम,http://chaurpatimun.gov.np,chaurpatigaupalika@gmail.com,9749650949,
७२७,सुदूरपश्चिम प्रदेश,मंगलसेन नगरपालिका,अछाम,http://mangalsenmun.gov.np,mmunicipalityachham@gmail.com,097-620138,
७२८,सुदूरपश्चिम प्रदेश,बान्नीगढी जयगढ गाउँपालिका,अछाम,http://bannigadhijaygadhmun.gov.np,log.bannigadhi@gmail.com,9843227919,
७२९,सुदूरपश्चिम प्रदेश,कमलबजार नगरपालिका,अछाम,http://kamalbazarmun.gov.np,Kamalbazarmun@gmail.com,9858431111,
७३०,सुदूरपश्चिम प्रदेश,ढकारी गाउँपालिका,अछाम,http://dhakarimun.gov.np,info@dhakarimun.gov.np,9864811102,
७३१,सुदूरपश्चिम प्रदेश,तुर्माखाँद गाउँपालिका,अछाम,http://turmakhadmun.gov.np,info@turmakhadmun.gov.np,9759005111,
७३२,सुदूरपश्चिम प्रदेश,मोहन्याल गाउँपालिका,कैलाली,http://mohanyalmun.gov.np,ito.mohanyalmun@gmail.com,9858426759,
७३३,सुदूरपश्चिम प्रदेश,चुरे गाउँपालिका,कैलाली,http://churemun.gov.np,chure.gaupalika@gmail.com,9848460012,
७३४,सुदूरपश्चिम प्रदेश,गोदावरी नगरपालिका,कैलाली,http://godawarimunkailali.gov.np,info@godawarimunkailali.gov.np,091-508001,
७३५,सुदूरपश्चिम प्रदेश,गौरीगंगा नगरपालिका,कैलाली,http://gaurigangamun.gov.np,info@gaurigangamun.gov.np,091-418060,
७३६,सुदूरपश्चिम प्रदेश,घोडाघोडी नगरपालिका,कैलाली,http://ghodaghodimun.gov.np,ghodaghodimun@gmail.com,091-403026,
७३७,सुदूरपश्चिम प्रदेश,बर्दगोरिया गाउँपालिका,कैलाली,http://bardgoriyamun.gov.np,info@bardgoriyamun.gov.np,091-404089,
७३८,सुदूरपश्चिम प्रदेश,लम्किचुहा नगरपालिका,कैलाली,http://lamkichuhamun.gov.np,info@lamkichuhamun.gov.np,091-419046,
७३९,सुदूरपश्चिम प्रदेश,जानकी गाउँपालिका,कैलाली,http://janakimunkailali.gov.np,janakiruralmun@gmail.com,091-500077,
७४०,सुदूरपश्चिम प्रदेश,जोशीपुर गाउँपालिका,कैलाली,http://joshipurmun.gov.np,info@joshipurmun.gov.np,091-401102,
७४१,सुदूरपश्चिम प्रदेश,टिकापुर नगरपालिका,कैलाली,http://tikapurmun.gov.np,info@tikapurmun.gov.np,91-560118,
७४२,सुदूरपश्चिम प्रदेश,भजनी नगरपालिका,कैलाली,http://bhajanimun.gov.np,info@bhajanimun.gov.np,091-580101,
७४३,सुदूरपश्चिम प्रदेश,कैलारी गाउँपालिका,कैलाली,http://kailarimun.gov.np,info@kailarimun.gov.np,091545015,
७४४,सुदूरपश्चिम प्रदेश,धनगढी उप-महानगरपालिका,कैलाली,http://dhangadhimun.gov.np,dhangadhimun2013@gmail.com,091-520733,
७४५,सुदूरपश्चिम प्रदेश,कृष्णपुर नगरपालिका,कञ्चनपुर,http://krishnapurmun.gov.np,info@krishnapurmun.gov.np,099-412046,
७४६,सुदूरपश्चिम प्रदेश,शुक्लाफाँट नगरपालिका,कञ्चनपुर,http://shuklaphantamun.gov.np,info@shuklaphantamun.gov.np,099-540010,
७४७,सुदूरपश्चिम प्रदेश,बेदकोट नगरपालिका,कञ्चनपुर,http://bedkotmun.gov.np,info@bedkotmun.gov.np,099-413121,
७४८,सुदूरपश्चिम प्रदेश,भिमदत्त नगरपालिका,कञ्चनपुर,http://bheemdattamun.gov.np,info@bheemdattamun.gov.np,"099-521322,",
७४९,सुदूरपश्चिम प्रदेश,दोधारा चाँदनी नगरपालिका,कञ्चनपुर,http://dodharachandanimun.gov.np,dcmun1015@gmail.com,099-400030,
७५०,सुदूरपश्चिम प्रदेश,लालझाडी गाउँपालिका,कञ्चनपुर,http://laljhadimun.gov.np,info@laljhadimun.gov.np,9858754111,
७५१,सुदूरपश्चिम प्रदेश,पुनर्वास नगरपालिका,कञ्चनपुर,http://punarbasmun.gov.np,info@punarbasmun.gov.np,099-420055,
७५२,सुदूरपश्चिम प्रदेश,बेलौरी नगरपालिका,कञ्चनपुर,http://belaurimun.gov.np,belaurimunicipality@gmail.com,099-580292,
७५३,सुदूरपश्चिम प्रदेश,बेलडाँडी गाउँपालिका,कञ्चनपुर,http://beldandimun.gov.np,info@beldandimun.gov.np,9858731111,
